header_stamp_sec, header_stamp_nanosec, header_frame_id, runner_detected, x, y, phi, vx_b, ax_b, relative_distance_to_airshield_x, relative_distance_to_airshield_y, relative_speed_to_airshield_x, relative_acceleration_to_airshield_x, stamp_lidar_sec, stamp_lidar_nanosec, stamp_zed_sec, stamp_zed_nanosec
1707133528,178353567,base_link,False,-5.501598572041237,0.0,0.0,5.501598572041237,0.015335371183860233,5.500771292534923,0.0,0.005900500969979322,0.059292875566128764,1707133528,66862402,0,0
1707133528,228431413,base_link,False,-5.500771292534923,0.0,0.0,5.500771292534923,0.019220894882359556,5.503376915030564,0.0,-0.033150173613267886,-0.07830428434939397,1707133528,116885070,0,0
1707133528,278376844,base_link,False,-5.503376915030564,0.0,0.0,5.503376915030564,-0.09651624669404296,5.507726089043744,0.0,-0.07369979473266694,-0.19827934443385373,1707133528,166865340,0,0
1707133528,328488253,base_link,False,-5.507726089043744,0.0,0.0,5.507726089043744,0.004323972892419606,5.499152447023263,0.0,0.0930267520550849,0.38020569391726144,1707133528,216876836,0,0
1707133528,378456052,base_link,False,-5.499152447023263,0.0,0.0,5.499152447023263,0.2356190888682596,5.498110757341644,0.0,0.054342172041765585,0.19125914215298573,1707133528,266851415,0,0
1707133528,428390057,base_link,False,-5.498110757341644,0.0,0.0,5.498110757341644,0.016304592139676777,5.5018346200202535,0.0,-0.030443283093640222,-0.11772515389515836,1707133528,316993131,0,0
1707133528,478458189,base_link,False,-5.5018346200202535,0.0,0.0,5.5018346200202535,-0.009127141913374402,5.496236164938135,0.0,0.0663199285606022,0.2184445099335096,1707133528,366888268,0,0
1707133528,528444245,base_link,False,-5.496236164938135,0.0,0.0,5.496236164938135,0.09396650079293317,5.496172585122917,0.0,0.02744867230082189,0.05537442170913562,1707133528,416972021,0,0
1707133528,578401181,base_link,False,-5.496172585122917,0.0,0.0,5.496172585122917,-0.003907581703510292,5.502788056058495,0.0,-0.0835807470072014,-0.3173063416987886,1707133528,466893566,0,0
1707133528,628491887,base_link,False,-5.502788056058495,0.0,0.0,5.502788056058495,-0.16402891102983658,5.499943638406526,0.0,0.005354651024074841,0.02590849801791889,1707133528,516877873,0,0
1707133528,678472669,base_link,False,-5.499943638406526,0.0,0.0,5.499943638406526,0.0028230788041890844,5.49854496250878,0.0,0.022166015381256583,0.07672208900952548,1707133528,566947040,0,0
1707133528,728509715,base_link,False,-5.49854496250878,0.0,0.0,5.49854496250878,-0.12134245881714655,5.494337953641234,0.0,0.06841349897004778,0.2156163196164405,1707133528,616890875,0,0
1707133528,778404992,base_link,False,-5.494337953641234,0.0,0.0,5.494337953641234,0.17470560473832258,5.504198973077012,0.0,-0.11220193446532908,-0.41119269588421364,1707133528,666890135,0,0
1707133528,828361329,base_link,False,-5.504198973077012,0.0,0.0,5.504198973077012,-0.10725068495088429,5.493273384332386,0.0,0.1080466650477021,0.3774370329165127,1707133528,716894596,0,0
1707133528,878382960,base_link,False,-5.493273384332386,0.0,0.0,5.493273384332386,0.01657596803785291,5.495023040439059,0.0,0.019240791627397585,0.02480019156815333,1707133528,766892708,0,0
1707133528,928401740,base_link,False,-5.495023040439059,0.0,0.0,5.495023040439059,0.06485606521505356,5.504743119828051,0.0,-0.13083041841707888,-0.4707332208958641,1707133528,816901564,0,0
1707133528,978479948,base_link,False,-5.504743119828051,0.0,0.0,5.504743119828051,-0.09280780333831877,5.505162158049823,0.0,-0.05958288760851388,-0.16032177781980012,1707133528,866861276,0,0
1707133529,28410579,base_link,False,-5.505162158049823,0.0,0.0,5.505162158049823,-0.10547708538869263,5.507003130418367,0.0,-0.04869306348209687,-0.0984062660909745,1707133528,916904899,0,0
1707133529,78474475,base_link,False,-5.507003130418367,0.0,0.0,5.507003130418367,-0.028895014854200117,5.503884043984778,0.0,0.026564539827658704,0.16417067118547854,1707133528,966872372,0,0
1707133529,128407962,base_link,False,-5.503884043984778,0.0,0.0,5.503884043984778,-0.019881768363368427,5.499377167044185,0.0,0.07676964890832685,0.30170644964120863,1707133529,16881222,0,0
1707133529,178392902,base_link,False,-5.499377167044185,0.0,0.0,5.499377167044185,0.026161953736116163,5.502229752943649,0.0,-0.007975727258282245,-0.025231941929065194,1707133529,66862331,0,0
1707133529,228392202,base_link,False,-5.502229752943649,0.0,0.0,5.502229752943649,-0.10921368114544427,5.499806987711151,0.0,0.031059506993718164,0.10673729603857485,1707133529,116961218,0,0
1707133529,278361029,base_link,False,-5.499806987711151,0.0,0.0,5.499806987711151,-0.0069184321071606575,5.501647924738292,0.0,-0.013423405118180111,-0.056418906943818486,1707133529,166855910,0,0
1707133529,328354989,base_link,False,-5.501647924738292,0.0,0.0,5.501647924738292,-0.07862560077754172,5.507007164692737,0.0,-0.0814621934720885,-0.27000267409080925,1707133529,216874607,0,0
1707133529,378480346,base_link,False,-5.507007164692737,0.0,0.0,5.507007164692737,-0.030101809326951855,5.50395816808943,0.0,0.010396589058176642,0.07504023432976231,1707133529,266845723,0,0
1707133529,428355094,base_link,False,-5.50395816808943,0.0,0.0,5.50395816808943,-0.023184956965054522,5.500290968561834,0.0,0.057276970657863996,0.2162825582995036,1707133529,316845990,0,0
1707133529,478454577,base_link,False,-5.500290968561834,0.0,0.0,5.500290968561834,0.13013230176716362,5.5035314114085505,0.0,-0.0219438601343602,-0.07857548620262295,1707133529,367018798,0,0
1707133529,528455987,base_link,False,-5.5035314114085505,0.0,0.0,5.5035314114085505,-0.1990473487035336,5.497962803370934,0.0,0.06966183656707109,0.23429306740689781,1707133529,416855331,0,0
1707133529,578448689,base_link,False,-5.497962803370934,0.0,0.0,5.497962803370934,0.02612338489685804,5.498590390712514,0.0,0.019181173348995786,0.030607857908536124,1707133529,466874782,0,0
1707133529,628440391,base_link,False,-5.498590390712514,0.0,0.0,5.498590390712514,0.010544244151172935,5.500278062385764,0.0,-0.017211015246074032,-0.0935858817379092,1707133529,516881722,0,0
1707133529,678440359,base_link,False,-5.500278062385764,0.0,0.0,5.500278062385764,0.013842713948613673,5.496131626433919,0.0,0.050480210732201686,0.1434223907422777,1707133529,566988063,0,0
1707133529,728448165,base_link,False,-5.496131626433919,0.0,0.0,5.496131626433919,-0.024236966337090077,5.49680984425091,0.0,0.009891211227068625,-0.012988580153848767,1707133529,617015311,0,0
1707133529,778431546,base_link,False,-5.49680984425091,0.0,0.0,5.49680984425091,-0.14834227218703863,5.5042884182449905,0.0,-0.10314080616029983,-0.38103351205060754,1707133529,666869042,0,0
1707133529,828532682,base_link,False,-5.5042884182449905,0.0,0.0,5.5042884182449905,-0.04762395293989054,5.508358722405547,0.0,-0.10011640158206424,-0.30873592980212133,1707133529,717011523,0,0
1707133529,878383145,base_link,False,-5.508358722405547,0.0,0.0,5.508358722405547,-0.2357364975889349,5.498825951552713,0.0,0.09523937259568006,0.3815946492880286,1707133529,766864788,0,0
1707133529,928546367,base_link,False,-5.498825951552713,0.0,0.0,5.498825951552713,-0.12531458263489448,5.504034230085246,0.0,-0.0332368650400319,-0.10164058981309954,1707133529,816956263,0,0
1707133529,978420834,base_link,False,-5.504034230085246,0.0,0.0,5.504034230085246,-0.20235542568217596,5.496174069659415,0.0,0.09796356094853964,0.34467469593312094,1707133529,866854611,0,0
1707133530,28503803,base_link,False,-5.496174069659415,0.0,0.0,5.496174069659415,0.2406030608327304,5.498861021521358,0.0,0.0019803446781841427,-0.02610271403577602,1707133529,916895762,0,0
1707133530,78482660,base_link,False,-5.498861021521358,0.0,0.0,5.498861021521358,0.1948416386682699,5.501918516722902,0.0,-0.04344627378088662,-0.17059741157492403,1707133529,966959152,0,0
1707133530,128443932,base_link,False,-5.501918516722902,0.0,0.0,5.501918516722902,-0.017122625866097738,5.49372681829447,0.0,0.09741619510270352,0.3186518057287107,1707133530,16914052,0,0
1707133530,178463509,base_link,False,-5.49372681829447,0.0,0.0,5.49372681829447,0.039061957169229194,5.507157523221824,0.0,-0.150766076383283,-0.5463054595867081,1707133530,66894061,0,0
1707133530,228438964,base_link,False,-5.507157523221824,0.0,0.0,5.507157523221824,-0.1224236099293449,5.493862315574245,0.0,0.1258144299167233,0.4489314627976577,1707133530,116963976,0,0
1707133530,278428867,base_link,False,-5.493862315574245,0.0,0.0,5.493862315574245,0.15157517079236776,5.500662458676664,0.0,-0.04455913707027695,-0.18254069284950847,1707133530,166873320,0,0
1707133530,328443410,base_link,False,-5.500662458676664,0.0,0.0,5.500662458676664,-0.0624187046524715,5.50270141525484,0.0,-0.04779401000741344,-0.1632442850622116,1707133530,216890786,0,0
1707133530,378475018,base_link,False,-5.50270141525484,0.0,0.0,5.50270141525484,-0.14165760071515174,5.499607845750129,0.0,0.024371094046377474,0.0998219320623922,1707133530,266998949,0,0
1707133530,428469285,base_link,False,-5.499607845750129,0.0,0.0,5.499607845750129,-0.011422221785461109,5.492984022433755,0.0,0.10394341651625683,0.3440701077866708,1707133530,316907097,0,0
1707133530,478422170,base_link,False,-5.492984022433755,0.0,0.0,5.492984022433755,0.01735457635370867,5.502464183859101,0.0,-0.09222904110933508,-0.3547208963048115,1707133530,366859279,0,0
1707133530,528474866,base_link,False,-5.502464183859101,0.0,0.0,5.502464183859101,0.062063107744672275,5.502185911221169,0.0,-0.034640453062694324,-0.1080381158892196,1707133530,416871352,0,0
1707133530,578387275,base_link,False,-5.502185911221169,0.0,0.0,5.502185911221169,-0.08229659693024438,5.495353391074637,0.0,0.08282994514692724,0.2943598837581949,1707133530,466877276,0,0
1707133530,628390983,base_link,False,-5.495353391074637,0.0,0.0,5.495353391074637,0.05569711794126955,5.495309000530846,0.0,0.03448384550787914,0.08782949099611628,1707133530,516984348,0,0
1707133530,678378904,base_link,False,-5.495309000530846,0.0,0.0,5.495309000530846,0.032812812307145604,5.4974696298793795,0.0,-0.017544203551419633,-0.09694040996227568,1707133530,566990282,0,0
1707133530,728352991,base_link,False,-5.4974696298793795,0.0,0.0,5.4974696298793795,-0.0032944516361019735,5.497573323863306,0.0,-0.009754671558647376,-0.05555660515787367,1707133530,616974527,0,0
1707133530,778353349,base_link,False,-5.497573323863306,0.0,0.0,5.497573323863306,-0.17648550860670567,5.49677256894306,0.0,0.006646850546759278,0.007254400854258561,1707133530,666978899,0,0
1707133530,828450591,base_link,False,-5.49677256894306,0.0,0.0,5.49677256894306,-0.08295519096482215,5.503697242724586,0.0,-0.09561600999874241,-0.3288370289929427,1707133530,716849521,0,0
1707133530,878358521,base_link,False,-5.503697242724586,0.0,0.0,5.503697242724586,-0.1908460201440597,5.495985389428377,0.0,0.07019294327746377,0.2680213098348067,1707133530,766847966,0,0
1707133530,928533729,base_link,False,-5.495985389428377,0.0,0.0,5.495985389428377,0.17930844109316016,5.49991024348285,0.0,-0.026142167288010054,-0.09135681115259092,1707133530,816847715,0,0
1707133530,978463678,base_link,False,-5.49991024348285,0.0,0.0,5.49991024348285,-0.23075266654569238,5.505858692697517,0.0,-0.09465103129340617,-0.30075908564672593,1707133530,866854642,0,0
1707133531,28589249,base_link,False,-5.505858692697517,0.0,0.0,5.505858692697517,-0.1663477401702832,5.498592219403907,0.0,0.0650941311800633,0.2716431096628035,1707133530,916880629,0,0
1707133531,78446005,base_link,False,-5.498592219403907,0.0,0.0,5.498592219403907,0.16278001846229465,5.500660197832319,0.0,-0.0012967121540219118,0.009737263502489768,1707133530,966877880,0,0
1707133531,128439100,base_link,False,-5.500660197832319,0.0,0.0,5.500660197832319,0.03518117538329325,5.497784435164672,0.0,0.04055101019434158,0.14519111642655305,1707133531,16961447,0,0
1707133531,178515336,base_link,False,-5.497784435164672,0.0,0.0,5.497784435164672,0.009124076313398365,5.501051686475782,0.0,-0.029536116222538857,-0.10811373094560181,1707133531,66892476,0,0
1707133531,228517093,base_link,False,-5.501051686475782,0.0,0.0,5.501051686475782,-0.24148288003584023,5.4992898306684195,0.0,0.012709525946911673,0.0479409594223488,1707133531,116973310,0,0
1707133531,278519126,base_link,False,-5.4992898306684195,0.0,0.0,5.4992898306684195,0.06721076542425297,5.504899557444208,0.0,-0.0739465563051384,-0.24370166707998056,1707133531,167028036,0,0
1707133531,328413221,base_link,False,-5.504899557444208,0.0,0.0,5.504899557444208,-0.13685006465890637,5.5015605134625085,0.0,0.017552028201728465,0.09585492284066663,1707133531,217012421,0,0
1707133531,378464126,base_link,False,-5.5015605134625085,0.0,0.0,5.5015605134625085,-0.02094706486105384,5.502514416678994,0.0,-0.005215556089529158,0.0055968136120030515,1707133531,266978580,0,0
1707133531,428406695,base_link,False,-5.502514416678994,0.0,0.0,5.502514416678994,-0.04515277602272488,5.494204335077202,0.0,0.11601959076593368,0.40171678259938465,1707133531,316994440,0,0
1707133531,478452972,base_link,False,-5.494204335077202,0.0,0.0,5.494204335077202,0.18373299236016008,5.495646792296994,0.0,0.026707452745532212,0.04344623882151205,1707133531,367000355,0,0
1707133531,528446131,base_link,False,-5.495646792296994,0.0,0.0,5.495646792296994,-0.08059013954137821,5.496804376895082,0.0,-0.007097598342038651,-0.07437704961324511,1707133531,416880735,0,0
1707133531,578566855,base_link,False,-5.496804376895082,0.0,0.0,5.496804376895082,0.0645577648944112,5.487964001971713,0.0,0.12036969578318182,0.35524818939835273,1707133531,466881208,0,0
1707133531,628448696,base_link,False,-5.487964001971713,0.0,0.0,5.487964001971713,0.23932451046071512,5.5077801496490855,0.0,-0.23302600147112937,-0.8602680403110605,1707133531,516875975,0,0
1707133531,678533568,base_link,False,-5.5077801496490855,0.0,0.0,5.5077801496490855,-0.20565419867098506,5.51047457089866,0.0,-0.1343452351386838,-0.3962297823237751,1707133531,566852700,0,0
1707133531,728447831,base_link,False,-5.51047457089866,0.0,0.0,5.51047457089866,0.07433144570173869,5.495646697921558,0.0,0.15714039311567457,0.6232459924753408,1707133531,616997079,0,0
1707133531,778436154,base_link,False,-5.495646697921558,0.0,0.0,5.495646697921558,0.2420922987042502,5.495675011042862,0.0,0.06592755315453151,0.22247617071058584,1707133531,666882210,0,0
1707133531,828451683,base_link,False,-5.495675011042862,0.0,0.0,5.495675011042862,0.07040705361648607,5.498418126069634,0.0,-0.012177733140466704,-0.06974272728420333,1707133531,716880827,0,0
1707133531,878454233,base_link,False,-5.498418126069634,0.0,0.0,5.498418126069634,0.015805214162696948,5.499293058514025,0.0,-0.01819117772786521,-0.07801620586624428,1707133531,766881811,0,0
1707133531,928447831,base_link,False,-5.499293058514025,0.0,0.0,5.499293058514025,-0.12290655221097802,5.498747530547534,0.0,-0.00016309216545295352,-0.00620064174589692,1707133531,816895480,0,0
1707133531,978450547,base_link,False,-5.498747530547534,0.0,0.0,5.498747530547534,0.008500742976343772,5.505646677065199,0.0,-0.09769145875382057,-0.3245837277421121,1707133531,866854568,0,0
1707133532,28446072,base_link,False,-5.505646677065199,0.0,0.0,5.505646677065199,-0.18642543478647264,5.5072518829849795,0.0,-0.06187264102622234,-0.15413024018724913,1707133531,916895998,0,0
1707133532,78444048,base_link,False,-5.5072518829849795,0.0,0.0,5.5072518829849795,-0.11970798364291593,5.510580687629578,0.0,-0.07017955787629478,-0.1560965230598507,1707133531,966942743,0,0
1707133532,128432078,base_link,False,-5.510580687629578,0.0,0.0,5.510580687629578,-0.2796914985673702,5.497270589716918,0.0,0.1623227353903411,0.630892090356871,1707133532,16999196,0,0
1707133532,178438304,base_link,False,-5.497270589716918,0.0,0.0,5.497270589716918,0.31308048671955724,5.501327687178124,0.0,0.010795239771309029,0.031344067851472035,1707133532,66978445,0,0
1707133532,228432524,base_link,False,-5.501327687178124,0.0,0.0,5.501327687178124,0.09911859472272556,5.505139125035577,0.0,-0.049646923943055664,-0.17173217040646022,1707133532,117011709,0,0
1707133532,278392151,base_link,False,-5.505139125035577,0.0,0.0,5.505139125035577,0.02842033560820755,5.5030044049957345,0.0,0.01000944740750534,0.051758703412509516,1707133532,167036578,0,0
1707133532,328428406,base_link,False,-5.5030044049957345,0.0,0.0,5.5030044049957345,0.08170755955730886,5.49792429705909,0.0,0.07636598618519237,0.2605963152712233,1707133532,217092028,0,0
1707133532,378432643,base_link,False,-5.49792429705909,0.0,0.0,5.49792429705909,0.06861638960706976,5.491642475396244,0.0,0.11958958890173353,0.35947880608262417,1707133532,266886944,0,0
1707133532,428424090,base_link,False,-5.491642475396244,0.0,0.0,5.491642475396244,0.29487151647974713,5.501112457963573,0.0,-0.08698997040718237,-0.3759178302099151,1707133532,316855487,0,0
1707133532,478409080,base_link,False,-5.501112457963573,0.0,0.0,5.501112457963573,-0.2864970479808719,5.500144935396761,0.0,-0.02405190003227843,-0.10824495606205126,1707133532,366876125,0,0
1707133532,528410630,base_link,False,-5.500144935396761,0.0,0.0,5.500144935396761,-0.0932846210084276,5.497373583856855,0.0,0.02857460177017362,0.08182779412041755,1707133532,416876813,0,0
1707133532,578412844,base_link,False,-5.497373583856855,0.0,0.0,5.497373583856855,-0.0007255940370801024,5.500149526334116,0.0,-0.028165121333921628,-0.11738974566221422,1707133532,467073934,0,0
1707133532,628449138,base_link,False,-5.500149526334116,0.0,0.0,5.500149526334116,0.05674514222000997,5.495059214340779,0.0,0.05982313918328813,0.18998765946079538,1707133532,516884258,0,0
1707133532,678438781,base_link,False,-5.495059214340779,0.0,0.0,5.495059214340779,0.2170843008814114,5.495380119331132,0.0,0.019189017328114885,0.025804020017388907,1707133532,566879374,0,0
1707133532,728425367,base_link,False,-5.495380119331132,0.0,0.0,5.495380119331132,-0.030757740161304052,5.49625337933977,0.0,-0.0058614075304983144,-0.06045964404611395,1707133532,616877344,0,0
1707133532,778410974,base_link,False,-5.49625337933977,0.0,0.0,5.49625337933977,-0.083470191277779,5.502675338843444,0.0,-0.09438090972153293,-0.3404546266350025,1707133532,666980137,0,0
1707133532,828425103,base_link,False,-5.502675338843444,0.0,0.0,5.502675338843444,-0.011120182066221743,5.5031224512440025,0.0,-0.045056515872073225,-0.12317254120761134,1707133532,716888295,0,0
1707133532,878512809,base_link,False,-5.5031224512440025,0.0,0.0,5.5031224512440025,-0.04205211608304962,5.49722766571027,0.0,0.06603565178415005,0.26081541794601026,1707133532,766939012,0,0
1707133532,928434359,base_link,False,-5.49722766571027,0.0,0.0,5.49722766571027,0.10535325376117126,5.501237718289255,0.0,-0.02880000883007998,-0.09247217278638858,1707133532,816859075,0,0
1707133532,978448799,base_link,False,-5.501237718289255,0.0,0.0,5.501237718289255,0.09228393517482521,5.508151392938765,0.0,-0.1091007575997502,-0.34030938927154886,1707133532,866979843,0,0
1707133533,28444857,base_link,False,-5.508151392938765,0.0,0.0,5.508151392938765,-0.06110928824165849,5.497206845671985,0.0,0.11151829990595705,0.4379266751911355,1707133532,917006212,0,0
1707133533,78536478,base_link,False,-5.497206845671985,0.0,0.0,5.497206845671985,0.14533471151995625,5.4921667866843915,0.0,0.11811469654930869,0.3878204764004982,1707133532,966920020,0,0
1707133533,128436017,base_link,False,-5.4921667866843915,0.0,0.0,5.4921667866843915,0.12012488326919012,5.502035311223831,0.0,-0.09213555980959187,-0.36423827703022404,1707133533,16957766,0,0
1707133533,178443959,base_link,False,-5.502035311223831,0.0,0.0,5.502035311223831,-0.09792623763955169,5.491168131832952,0.0,0.11463602451278522,0.372566573767091,1707133533,67005567,0,0
1707133533,228413347,base_link,False,-5.491168131832952,0.0,0.0,5.491168131832952,0.07787268002623485,5.496603936495948,0.0,-0.031043623881547494,-0.1655302889888134,1707133533,116854576,0,0
1707133533,278429994,base_link,False,-5.496603936495948,0.0,0.0,5.496603936495948,-0.10000040796864929,5.5031258544942645,0.0,-0.10658987420811264,-0.38583385839909645,1707133533,167033108,0,0
1707133533,328433631,base_link,False,-5.5031258544942645,0.0,0.0,5.5031258544942645,0.03862327339264934,5.501377762253326,0.0,-0.019106464612393695,-0.036153041288129295,1707133533,216889428,0,0
1707133533,378540398,base_link,False,-5.501377762253326,0.0,0.0,5.501377762253326,0.08818889401177965,5.496019744777213,0.0,0.06889326942149981,0.2579597192109186,1707133533,266865386,0,0
1707133533,428440852,base_link,False,-5.496019744777213,0.0,0.0,5.496019744777213,0.10425352642206702,5.502346353241926,0.0,-0.06077164283811566,-0.20892356691859704,1707133533,317024246,0,0
1707133533,478448901,base_link,False,-5.502346353241926,0.0,0.0,5.502346353241926,-0.03995784048746595,5.490401841246147,0.0,0.14409069934758312,0.49619642469556646,1707133533,367015942,0,0
1707133533,528434628,base_link,False,-5.490401841246147,0.0,0.0,5.490401841246147,-0.11270998414495675,5.496148904708302,0.0,-0.022787093637183425,-0.13156678967833557,1707133533,416910273,0,0
1707133533,578468582,base_link,False,-5.496148904708302,0.0,0.0,5.496148904708302,-0.04826399229685781,5.505179633023621,0.0,-0.13849975075725185,-0.4889738674215335,1707133533,466980386,0,0
1707133533,628451322,base_link,False,-5.505179633023621,0.0,0.0,5.505179633023621,-0.08432677810809411,5.502905124899786,0.0,-0.02438273607290553,-0.035181092937731084,1707133533,517002715,0,0
1707133533,678459592,base_link,False,-5.502905124899786,0.0,0.0,5.502905124899786,-0.07213677802354859,5.498208642015942,0.0,0.05803105657875071,0.24047895634754562,1707133533,567006192,0,0
1707133533,728463180,base_link,False,-5.498208642015942,0.0,0.0,5.498208642015942,-0.059316257228817434,5.497931080144435,0.0,0.028748339305916096,0.1052025851658456,1707133533,616979384,0,0
1707133533,778420643,base_link,False,-5.497931080144435,0.0,0.0,5.497931080144435,-0.08391788937879792,5.495897739419029,0.0,0.040567906131560284,0.12668427363346652,1707133533,667158298,0,0
1707133533,828448990,base_link,False,-5.495897739419029,0.0,0.0,5.495897739419029,0.06379608970357448,5.507676677146946,0.0,-0.15034812073198137,-0.5192961437495152,1707133533,716865264,0,0
1707133533,878620113,base_link,False,-5.507676677146946,0.0,0.0,5.507676677146946,-0.14379418706632546,5.4957979293994415,0.0,0.10680488228425805,0.40789441732880594,1707133533,766872628,0,0
1707133533,928519447,base_link,False,-5.4957979293994415,0.0,0.0,5.4957979293994415,-0.1279118954619256,5.507988959244692,0.0,-0.12761201082359624,-0.4265953774322532,1707133533,816874081,0,0
1707133533,978398138,base_link,False,-5.507988959244692,0.0,0.0,5.507988959244692,-0.17841749986811004,5.501697712562813,0.0,0.037565851986881116,0.18420376494694524,1707133533,866973028,0,0
1707133534,28409656,base_link,False,-5.501697712562813,0.0,0.0,5.501697712562813,0.06025165252993171,5.511442196139298,0.0,-0.12063519862707861,-0.3640560579831036,1707133533,916887760,0,0
1707133534,78378739,base_link,False,-5.511442196139298,0.0,0.0,5.511442196139298,-0.0035020789389858392,5.497584266459405,0.0,0.14850972049453978,0.5769871614926112,1707133533,966884061,0,0
1707133534,128347681,base_link,False,-5.497584266459405,0.0,0.0,5.497584266459405,0.0055695852263731305,5.493789823214867,0.0,0.11588787792577673,0.3756733798774754,1707133534,16948739,0,0
1707133534,178382874,base_link,False,-5.493789823214867,0.0,0.0,5.493789823214867,0.16704381481048508,5.503266489047144,0.0,-0.08764812697057264,-0.3524076370839945,1707133534,66892935,0,0
1707133534,228444819,base_link,False,-5.503266489047144,0.0,0.0,5.503266489047144,0.018736946523548195,5.497624066306261,0.0,0.04254307823314993,0.13166472925530154,1707133534,116876711,0,0
1707133534,278434338,base_link,False,-5.497624066306261,0.0,0.0,5.497624066306261,0.018903825352996954,5.49421909600087,0.0,0.06484956160792058,0.18315723732402964,1707133534,166890343,0,0
1707133534,328416729,base_link,False,-5.49421909600087,0.0,0.0,5.49421909600087,0.1238961046390375,5.494560954759375,0.0,0.020148920778916217,0.006774496524804247,1707133534,216912836,0,0
1707133534,378382004,base_link,False,-5.494560954759375,0.0,0.0,5.494560954759375,-0.017027978159813772,5.5002652487765245,0.0,-0.07442802511862301,-0.3040675304398117,1707133534,266877906,0,0
1707133534,428421871,base_link,False,-5.5002652487765245,0.0,0.0,5.5002652487765245,-0.0998321482053537,5.508149931693218,0.0,-0.14306497018530276,-0.4790586423155321,1707133534,316887521,0,0
1707133534,478408887,base_link,False,-5.508149931693218,0.0,0.0,5.508149931693218,-0.15585707982783517,5.509597212834563,0.0,-0.07796955445916709,-0.1874316777694609,1707133534,366860473,0,0
1707133534,528489933,base_link,False,-5.509597212834563,0.0,0.0,5.509597212834563,-0.12107648507180326,5.505622534562098,0.0,0.027167760192680537,0.1875767676888646,1707133534,416903262,0,0
1707133534,578427067,base_link,False,-5.505622534562098,0.0,0.0,5.505622534562098,0.10040472129653519,5.49403613204478,0.0,0.17769459039888896,0.6498263366514583,1707133534,466924317,0,0
1707133534,628451798,base_link,False,-5.49403613204478,0.0,0.0,5.49403613204478,0.17807353887191749,5.501092571790018,0.0,-0.02643848138104543,-0.12510159700478463,1707133534,516953842,0,0
1707133534,678405141,base_link,False,-5.501092571790018,0.0,0.0,5.501092571790018,-0.0775456534415522,5.490189538193122,0.0,0.14217939701786209,0.44759482276402207,1707133534,566859513,0,0
1707133534,728363955,base_link,False,-5.490189538193122,0.0,0.0,5.490189538193122,0.30115083361753975,5.493903722485011,0.0,0.0037915532967745524,-0.07890750890361098,1707133534,616921011,0,0
1707133534,778378067,base_link,False,-5.493903722485011,0.0,0.0,5.493903722485011,0.06529832268211266,5.499006860340454,0.0,-0.07351459932599451,-0.31915880253818363,1707133534,666894238,0,0
1707133534,828476133,base_link,False,-5.499006860340454,0.0,0.0,5.499006860340454,-0.21919319161452194,5.498623514811221,0.0,-0.026507773063123963,-0.1129537000223858,1707133534,716872822,0,0
1707133534,878489048,base_link,False,-5.498623514811221,0.0,0.0,5.498623514811221,0.01372543563692423,5.4894061095328395,0.0,0.11874428728450342,0.38123216364972673,1707133534,766892513,0,0
1707133534,928457147,base_link,False,-5.4894061095328395,0.0,0.0,5.4894061095328395,0.060866302867812645,5.492101187105879,0.0,0.009153495197189165,-0.040095237492569435,1707133534,816881729,0,0
1707133534,978520181,base_link,False,-5.492101187105879,0.0,0.0,5.492101187105879,0.03523181457464006,5.489105275665377,0.0,0.043706457947527345,0.07962869362423317,1707133534,866867568,0,0
1707133535,28533365,base_link,False,-5.489105275665377,0.0,0.0,5.489105275665377,-0.10078067393220447,5.482524909922279,0.0,0.10835728191814838,0.27831660045372875,1707133534,916872834,0,0
1707133535,78501122,base_link,False,-5.482524909922279,0.0,0.0,5.482524909922279,0.10618659369132569,5.488537454581631,0.0,-0.04408269769419368,-0.2664867673144655,1707133534,966878194,0,0
1707133535,128457424,base_link,False,-5.488537454581631,0.0,0.0,5.488537454581631,-0.050462923130116674,5.48452122205559,0.0,0.03515372119682997,0.03664308662501403,1707133535,16852929,0,0
1707133535,178448824,base_link,False,-5.48452122205559,0.0,0.0,5.48452122205559,0.15248932405156512,5.488504017731982,0.0,-0.04473914901842894,-0.2310005183777753,1707133535,66882655,0,0
1707133535,228410369,base_link,False,-5.488504017731982,0.0,0.0,5.488504017731982,-0.14121473674390655,5.489202724617545,0.0,-0.030484759208602545,-0.1464929041072701,1707133535,116869442,0,0
1707133535,278414946,base_link,False,-5.489202724617545,0.0,0.0,5.489202724617545,0.13354223805853255,5.480585799583455,0.0,0.10800986964455428,0.33105477978117626,1707133535,166889416,0,0
1707133535,328397293,base_link,False,-5.480585799583455,0.0,0.0,5.480585799583455,0.19706477979003778,5.4739064369749775,0.0,0.13678051329369842,0.3710675429091291,1707133535,216856141,0,0
1707133535,378370836,base_link,False,-5.4739064369749775,0.0,0.0,5.4739064369749775,0.16146555974215743,5.479066535985949,0.0,-0.020691924754975444,-0.20540440082580752,1707133535,266905457,0,0
1707133535,428363381,base_link,False,-5.479066535985949,0.0,0.0,5.479066535985949,-0.146607351151829,5.482790355347096,0.0,-0.06531811857241232,-0.3179177555277836,1707133535,316867670,0,0
1707133535,478356340,base_link,False,-5.482790355347096,0.0,0.0,5.482790355347096,-0.025367933003569473,5.483151016343556,0.0,-0.034567759036328166,-0.16515463480877932,1707133535,366913741,0,0
1707133535,528391652,base_link,False,-5.483151016343556,0.0,0.0,5.483151016343556,-0.08876354354122376,5.483805089167398,0.0,-0.024736163569479233,-0.10591338315178797,1707133535,416909071,0,0
1707133535,578392307,base_link,False,-5.483805089167398,0.0,0.0,5.483805089167398,0.0007223213782926313,5.489858816716635,0.0,-0.09619571804924291,-0.3225953711582898,1707133535,466892205,0,0
1707133535,628394214,base_link,False,-5.489858816716635,0.0,0.0,5.489858816716635,-0.09446338486449589,5.492944640943035,0.0,-0.08228100457514041,-0.22420184327486514,1707133535,516893111,0,0
1707133535,678372284,base_link,False,-5.492944640943035,0.0,0.0,5.492944640943035,-0.06193086946728339,5.489053573854164,0.0,0.023530786237991014,0.15903644631807368,1707133535,566888442,0,0
1707133535,728377402,base_link,False,-5.489053573854164,0.0,0.0,5.489053573854164,-0.0019911904301130046,5.490758138825741,0.0,-0.01201764493785825,0.016576230152067356,1707133535,616891677,0,0
1707133535,778360885,base_link,False,-5.490758138825741,0.0,0.0,5.490758138825741,-0.1731186320136561,5.489638982583537,0.0,0.01281219787969182,0.09517788954861145,1707133535,666894089,0,0
1707133535,828354214,base_link,False,-5.489638982583537,0.0,0.0,5.489638982583537,0.1675121729003577,5.492568441734218,0.0,-0.03453262678757127,-0.07545806074103881,1707133535,716892883,0,0
1707133535,878405459,base_link,False,-5.492568441734218,0.0,0.0,5.492568441734218,-0.10949786049555225,5.482599310071489,0.0,0.12821667471084486,0.46989023841451016,1707133535,766851463,0,0
1707133535,928357755,base_link,False,-5.482599310071489,0.0,0.0,5.482599310071489,0.0962155307708149,5.483016995699007,0.0,0.04696987344392918,0.12686993576152356,1707133535,816885847,0,0
1707133535,978368436,base_link,False,-5.483016995699007,0.0,0.0,5.483016995699007,0.06910162537064168,5.487103965670934,0.0,-0.03982046774566808,-0.17813671651429763,1707133535,866854802,0,0
1707133536,28374764,base_link,False,-5.487103965670934,0.0,0.0,5.487103965670934,-0.029722204511528016,5.467317240955781,0.0,0.2620048152089364,0.8394887283479459,1707133535,916891812,0,0
1707133536,78360781,base_link,False,-5.467317240955781,0.0,0.0,5.467317240955781,0.21893962792917124,5.461393579457665,0.0,0.1877967453264866,0.458999337284454,1707133535,966891651,0,0
1707133536,128397717,base_link,False,-5.461393579457665,0.0,0.0,5.461393579457665,0.07053678002014223,5.4594417786751634,0.0,0.09758890678061771,0.08841562510795481,1707133536,16888806,0,0
1707133536,178375653,base_link,False,-5.4594417786751634,0.0,0.0,5.4594417786751634,0.008492989963332198,5.442354624688126,0.0,0.27286939783618314,0.6479689434997122,1707133536,66865582,0,0
1707133536,228411899,base_link,False,-5.442354624688126,0.0,0.0,5.442354624688126,0.352075697602038,5.426271069989815,0.0,0.3282915778126026,0.7233700202419999,1707133536,116949892,0,0
1707133536,278372648,base_link,False,-5.426271069989815,0.0,0.0,5.426271069989815,0.3512514817323131,5.409162096671064,0.0,0.3614966251785909,0.7136649216934811,1707133536,166971702,0,0
1707133536,328356418,base_link,False,-5.409162096671064,0.0,0.0,5.409162096671064,0.34085537975058894,5.396703953275363,0.0,0.30525054996414425,0.412602975313103,1707133536,216855025,0,0
1707133536,378349209,base_link,False,-5.396703953275363,0.0,0.0,5.396703953275363,0.23429377767714918,5.360413573585214,0.0,0.6155919001228392,1.3613864205403934,1707133536,266855218,0,0
1707133536,428354975,base_link,False,-5.360413573585214,0.0,0.0,5.360413573585214,0.4656234005473913,5.331491656993352,0.0,0.6333883850532012,1.1967464811670319,1707133536,316895832,0,0
1707133536,478358244,base_link,False,-5.331491656993352,0.0,0.0,5.331491656993352,0.7845787751617155,5.3049276211826,0.0,0.5999892540949989,0.891403765434845,1707133536,366847126,0,0
1707133536,528398334,base_link,False,-5.3049276211826,0.0,0.0,5.3049276211826,0.5944272012704962,5.273508296792407,0.0,0.648875810341272,0.9055395615588898,1707133536,416880043,0,0
1707133536,578352706,base_link,False,-5.273508296792407,0.0,0.0,5.273508296792407,0.8669195213342052,5.24487655705468,0.0,0.6243244865605512,0.6768568717171729,1707133536,466873055,0,0
1707133536,628441523,base_link,False,-5.24487655705468,0.0,0.0,5.24487655705468,0.5765044767233197,5.204864969342334,0.0,0.7704424844397457,1.0445499646719698,1707133536,516862190,0,0
1707133536,678387474,base_link,False,-5.204864969342334,0.0,0.0,5.204864969342334,0.7085572109849164,5.176620117198179,0.0,0.6590732094501331,0.5087822436434414,1707133536,566885234,0,0
1707133536,728385328,base_link,False,-5.176620117198179,0.0,0.0,5.176620117198179,0.6760025908012942,5.158553075081448,0.0,0.465272442869457,-0.20921266474682154,1707133536,616888002,0,0
1707133536,778365117,base_link,False,-5.158553075081448,0.0,0.0,5.158553075081448,0.4142355940969454,5.113288347886791,0.0,0.7692472463802611,0.8205408813534514,1707133536,666885785,0,0
1707133536,828396643,base_link,False,-5.113288347886791,0.0,0.0,5.113288347886791,0.7772760093219091,5.082139630695768,0.0,0.6924903993722619,0.43480706978624484,1707133536,716845161,0,0
1707133536,878387847,base_link,False,-5.082139630695768,0.0,0.0,5.082139630695768,0.5276168621156705,5.044108083415641,0.0,0.754674853619723,0.5672586045281737,1707133536,766858016,0,0
1707133536,928396889,base_link,False,-5.044108083415641,0.0,0.0,5.044108083415641,0.8092176951895755,5.01643968259504,0.0,0.6308608258563941,0.06888996088766403,1707133536,817069033,0,0
1707133536,978402020,base_link,False,-5.01643968259504,0.0,0.0,5.01643968259504,0.6814538620998082,4.978374327136156,0.0,0.7252097105835947,0.36659531977086185,1707133536,866861262,0,0
1707133537,28352496,base_link,False,-4.978374327136156,0.0,0.0,4.978374327136156,0.8069621279117914,4.943002104486905,0.0,0.7245215214000054,0.3043128780059867,1707133536,916872299,0,0
1707133537,78393834,base_link,False,-4.943002104486905,0.0,0.0,4.943002104486905,0.6219519114431922,4.8971135292159484,0.0,0.8708369010819089,0.7336551277538985,1707133536,966893052,0,0
1707133537,128371276,base_link,False,-4.8971135292159484,0.0,0.0,4.8971135292159484,1.0029396802132968,4.857009324148211,0.0,0.8460141051408332,0.532228846828261,1707133537,16878141,0,0
1707133537,178371286,base_link,False,-4.857009324148211,0.0,0.0,4.857009324148211,0.8503828037396663,4.818230212023615,0.0,0.813490408183094,0.33856549888567344,1707133537,66889597,0,0
1707133537,228357256,base_link,False,-4.818230212023615,0.0,0.0,4.818230212023615,0.7466920255692449,4.777782499825048,0.0,0.8212379232350902,0.3084991674544912,1707133537,116890863,0,0
1707133537,278403294,base_link,False,-4.777782499825048,0.0,0.0,4.777782499825048,0.7689990437227899,4.728398061163606,0.0,0.9487632700072837,0.6756199146177067,1707133537,166867059,0,0
1707133537,328455415,base_link,False,-4.728398061163606,0.0,0.0,4.728398061163606,0.9356247582673839,4.677798122491242,0.0,1.015272919175017,0.7828039117022203,1707133537,216859235,0,0
1707133537,378952376,base_link,False,-4.677798122491242,0.0,0.0,4.677798122491242,0.9710798624244964,4.634598168957082,0.0,0.9337638184572566,0.38768610313951524,1707133537,266860042,0,0
1707133537,428393399,base_link,False,-4.634598168957082,0.0,0.0,4.634598168957082,0.7897531078333784,4.5833767038416395,0.0,1.0103311590677528,0.5749564507314284,1707133537,316978907,0,0
1707133537,478366731,base_link,False,-4.5833767038416395,0.0,0.0,4.5833767038416395,1.1080633439322622,4.528651004211313,0.0,1.0883777570703257,0.7364064112687267,1707133537,366883002,0,0
1707133537,528394658,base_link,False,-4.528651004211313,0.0,0.0,4.528651004211313,0.9340025091315713,4.467478031796347,0.0,1.207591035730963,1.0062374508351806,1707133537,416889542,0,0
1707133537,578391139,base_link,False,-4.467478031796347,0.0,0.0,4.467478031796347,1.2070539542481584,4.4153387203873775,0.0,1.1237534077150557,0.5669074397668517,1707133537,466879616,0,0
1707133537,628391559,base_link,False,-4.4153387203873775,0.0,0.0,4.4153387203873775,1.0120013399660612,4.350420835995789,0.0,1.2653949154846302,0.9379441740062844,1707133537,516904369,0,0
1707133537,678391432,base_link,False,-4.350420835995789,0.0,0.0,4.350420835995789,1.3870954434161977,4.287506869390688,0.0,1.2907078197818445,0.8672571222252765,1707133537,566892883,0,0
1707133537,728372275,base_link,False,-4.287540441268574,0.0,0.0,4.290864057179225,1.6740017405906331,4.217742141615719,0.0,1.392618065172751,1.0589956309287836,1707133537,616851384,0,0
1707133537,778360748,base_link,False,-4.217801967154309,0.0,0.0,4.241468204282103,3.0600932841105974,4.160108101414395,0.0,1.2574286743652452,0.4428533096451177,1707133537,666903161,0,0
1707133537,828363793,base_link,False,-4.157832920364469,0.0,0.0,4.274893283105337,3.637118793108133,4.086662481855096,0.0,1.4211017460191044,0.9063552582278271,1707133537,716857451,0,0
1707133537,878395733,base_link,False,-4.076692690174346,0.0,0.0,4.31795081736497,3.8058713168629645,4.017658744907137,0.0,1.4214447948657525,0.759066289236362,1707133537,766860237,0,0
1707133537,928391706,base_link,False,-3.9937985332082997,0.0,0.0,4.373589118335451,4.02617229511193,3.954110394134126,0.0,1.3397300790565054,0.3671620566826785,1707133537,816891815,0,0
1707133537,978410181,base_link,False,-3.909991717039237,0.0,0.0,4.436447771132826,3.782123002535725,3.8948327756332892,0.0,1.2427263056048403,-0.01063982983062084,1707133537,866852383,0,0
1707133538,28393800,base_link,False,-3.824067904546261,0.0,0.0,4.504413335760875,3.652548899743746,3.844639251083503,0.0,1.0737031596009983,-0.5624362992106097,1707133537,916889720,0,0
1707133538,78375336,base_link,False,-3.740868218508103,0.0,0.0,4.581473376012992,3.655924753485785,3.7893839724339626,0.0,1.0776873559441154,-0.4572914105397191,1707133537,966851930,0,0
1707133538,128408933,base_link,False,-3.646190888496534,0.0,0.0,4.654232227620955,3.5158162020161488,3.7414752561220146,0.0,0.978496605623367,-0.707254185460245,1707133538,16877883,0,0
1707133538,178360294,base_link,False,-3.552501067480703,0.0,0.0,4.733636923531735,3.707948135056772,3.7064581956810363,0.0,0.7591881928231068,-1.3096631965311336,1707133538,66883797,0,0
1707133538,228406253,base_link,False,-3.4651839562440885,0.0,0.0,4.811626848264143,2.424601244075644,3.6656820493148246,0.0,0.756610362012204,-1.1036527471606998,1707133538,116868670,0,0
1707133538,278418570,base_link,False,-3.3668052526662473,0.0,0.0,4.842233335974857,1.5061296388553558,3.62933700143531,0.0,0.6999319411631671,-1.1085513310162183,1707133538,166851969,0,0
1707133538,328392915,base_link,False,-3.270129904496856,0.0,0.0,4.845075503670117,1.2679494435845005,3.6015364013727447,0.0,0.5624400619505943,-1.3773060803080994,1707133538,216845313,0,0
1707133538,378391085,base_link,False,-3.1805422396866807,0.0,0.0,4.8421932439685405,0.24391343757469713,3.5592522324604996,0.0,0.7179162278060396,-0.642603826242843,1707133538,266891694,0,0
1707133538,428360522,base_link,False,-3.076059950244049,0.0,0.0,4.793032751811207,0.5793427939450718,3.5206394649718296,0.0,0.7355052071040304,-0.4797771017030209,1707133538,316978175,0,0
1707133538,478387939,base_link,False,-2.9760100786371373,0.0,0.0,4.768728051560812,1.8648513258532395,3.4624780700455458,0.0,1.022042783473797,0.5371747318929135,1707133538,366979902,0,0
1707133538,528391186,base_link,False,-2.8552746222880425,0.0,0.0,4.781656506392842,3.299605603036227,3.4077546568026933,0.0,1.0905643339007516,0.6736174647096325,1707133538,416850637,0,0
1707133538,578390301,base_link,False,-2.733298863078452,0.0,0.0,4.8370056218817155,3.621750055146665,3.360667594810373,0.0,1.0072542991565807,0.2904806160152131,1707133538,466883822,0,0
1707133538,628385623,base_link,False,-2.6127212412643575,0.0,0.0,4.910001328181618,3.6439701937170526,3.311792897104178,0.0,0.9956332904000937,0.20485748309024276,1707133538,516879884,0,0
1707133538,678448119,base_link,False,-2.484038675301848,0.0,0.0,4.98542885632515,3.7505037243250765,3.2804885197117017,0.0,0.7412877342766171,-0.6616506851799195,1707133538,566967546,0,0
1707133538,728391493,base_link,False,-2.366611259818968,0.0,0.0,5.079556897779038,3.2721841427742704,3.2455488387361897,0.0,0.689877405134956,-0.7216729014027677,1707133538,616873789,0,0
1707133538,778373025,base_link,False,-2.2392048325763327,0.0,0.0,5.170845606646549,3.1290223228562333,3.2148089510991804,0.0,0.6135138778396568,-0.8535866322049477,1707133538,666873437,0,0
1707133538,828386238,base_link,False,-2.10967559702923,0.0,0.0,5.26654912583599,3.1401040424042987,3.181162538464128,0.0,0.6278627195532194,-0.6668234470018387,1707133538,716945369,0,0
1707133538,878353569,base_link,False,-1.970921804034066,0.0,0.0,5.359004223798507,3.108360282588772,3.158839161222332,0.0,0.4781937163163185,-1.0477887656843898,1707133538,766854231,0,0
1707133538,928389277,base_link,False,-1.8371878521879532,0.0,0.0,5.462841373017591,3.054189043319055,3.135999664212421,0.0,0.42918762240598407,-1.0367085550608108,1707133538,816870716,0,0
1707133538,978435421,base_link,False,-1.6965495430168935,0.0,0.0,5.554706344058921,1.8394434664696597,3.1051145523779384,0.0,0.5287834280081608,-0.5407821062147338,1707133538,866851998,0,0
1707133539,28385949,base_link,False,-1.5431202477734731,0.0,0.0,5.598594384552232,2.4673799212250516,3.0872981678901903,0.0,0.38950423830179015,-0.9083603477650788,1707133538,916895252,0,0
1707133539,78357520,base_link,False,-1.3986493158686504,0.0,0.0,5.679431777044197,2.25758375523405,3.0449103632856764,0.0,0.6837388153997648,0.20397758472597016,1707133538,966970218,0,0
1707133539,128385007,base_link,False,-1.2249262068572282,0.0,0.0,5.730166073785034,2.9758991824863354,3.032615968593097,0.0,0.3811279607584138,-0.8204519008513811,1707133539,16849739,0,0
1707133539,178355698,base_link,False,-1.0760853971380018,0.0,0.0,5.8401307293222,2.9010172435135146,2.993134021101915,0.0,0.643079150275687,0.171765554828757,1707133539,66889399,0,0
1707133539,228389476,base_link,False,-0.893829996404294,0.0,0.0,5.924384653378883,2.8763034781983627,2.968760555147366,0.0,0.5387438981947047,-0.19805092156902604,1707133539,116941289,0,0
1707133539,278385488,base_link,False,-0.7204923945371866,0.0,0.0,6.023420324837923,3.0950793080232346,2.940416435078971,0.0,0.5522092167768091,-0.12152283762321897,1707133539,166968001,0,0
1707133539,328380710,base_link,False,-0.537039887728739,0.0,0.0,6.118163940591545,3.0833333590934684,2.8972175632000856,0.0,0.7684479909132549,0.6065425976460304,1707133539,216852324,0,0
1707133539,378388195,base_link,False,-0.33247219085556123,0.0,0.0,6.1990676779224385,3.445858949402398,2.8775352043087707,0.0,0.5233838715559367,-0.295344029390308,1707133539,266891115,0,0
1707133539,428383191,base_link,False,-0.1452199903015292,0.0,0.0,6.303416585612905,3.016706472832958,2.8592295704987474,0.0,0.40276666364007757,-0.6419952230983663,1707133539,316957661,0,0
1707133539,478391472,base_link,False,0.04686216589123271,0.0,0.0,6.408841925675839,2.8046294937336187,2.8416967098008756,0.0,0.34520178222691306,-0.7253916689919718,1707133539,366885445,0,0
1707133539,528350955,base_link,False,0.24437655866226038,0.0,0.0,6.515032734350074,2.837349259188631,2.8115404015808,0.0,0.5038840586077847,-0.08693828391735103,1707133539,417031373,0,0
1707133539,578383865,base_link,False,0.460699790730132,0.0,0.0,6.608453865441195,3.0383356206779424,2.799675886028364,0.0,0.31280461647536373,-0.6984739454304406,1707133539,466850547,0,0
1707133539,628444094,base_link,False,0.6648299125994312,0.0,0.0,6.718718764906504,2.8131243188605035,2.782455009804492,0.0,0.31253731167990545,-0.5849767409920801,1707133539,516890082,0,0
1707133539,678444244,base_link,False,0.8804744074604707,0.0,0.0,6.823791848322994,2.8391461809932013,2.7678210744173857,0.0,0.27959211429369585,-0.5970820564859338,1707133539,566854299,0,0
1707133539,728351891,base_link,False,1.0996356810215082,0.0,0.0,6.930630444994306,2.755084634934245,2.755609142030746,0.0,0.2353129606128396,-0.6443230654060476,1707133539,616951178,0,0
1707133539,778375539,base_link,False,1.3224878529240751,0.0,0.0,7.035852553133901,2.2077227310960894,2.7472039250742992,0.0,0.16700981151516475,-0.7625053934084327,1707133539,666850579,0,0
1707133539,828393858,base_link,False,1.547052918805647,0.0,0.0,7.118082366435004,1.4077722948468792,2.7513728785593017,0.0,-0.03447710747982316,-1.2975031005005349,1707133539,716947587,0,0
1707133539,878356078,base_link,False,1.7632778502182918,0.0,0.0,7.173201376136468,-0.26928486013681463,2.739646446868303,0.0,0.11352577666999503,-0.600342761340822,1707133539,766951647,0,0
1707133539,928383839,base_link,False,1.9971527224227037,0.0,0.0,7.162440800772793,-0.1891711528779097,2.7422638073941115,0.0,-0.023031196627511394,-0.9492530949346312,1707133539,816868218,0,0
1707133539,978388308,base_link,False,2.2159459268277204,0.0,0.0,7.1553890321086335,-0.34728707462544567,2.7394502618639054,0.0,0.0022679388507917814,-0.7109634406904498,1707133539,866851655,0,0
1707133540,28405619,base_link,False,2.439286618570332,0.0,0.0,7.137385048261259,-0.3223968688646062,2.739752182429262,0.0,-0.026594156832456358,-0.6890670192710769,1707133539,916873076,0,0
1707133540,78379872,base_link,False,2.658597151672649,0.0,0.0,7.120550561239705,-0.361670912020353,2.71441909481168,0.0,0.32770104262892535,0.5840566543244677,1707133539,966849299,0,0
1707133540,128433299,base_link,False,2.9025839759548284,0.0,0.0,7.08265493290944,0.5276074101592361,2.6961141671044855,0.0,0.3737085804451582,0.6390908605413856,1707133540,16887476,0,0
1707133540,178394009,base_link,False,3.1392316668573432,0.0,0.0,7.093009840870857,2.7123316871228296,2.6662027780982127,0.0,0.5529345804373178,1.121394339492538,1707133540,66877830,0,0
1707133540,228486466,base_link,False,3.389690131740446,0.0,0.0,7.160666359613969,2.7514040460621185,2.6328240331210444,0.0,0.6701647195801651,1.3216903438489433,1707133540,116917014,0,0
1707133540,278449722,base_link,False,3.6493812736434372,0.0,0.0,7.236710535675266,3.2216382625930042,2.585348356867936,0.0,0.9101899130614707,1.8913336069363638,1707133540,166860816,0,0
1707133540,328445689,base_link,False,3.929141242652735,0.0,0.0,7.3052245469431,3.4451018795694592,2.546047915183399,0.0,0.8836691214264133,1.4947808043922675,1707133540,216855487,0,0
1707133540,378429924,base_link,False,4.2067780371637475,0.0,0.0,7.384994375330152,3.225821856687589,2.521392864068309,0.0,0.6562003647351495,0.5050719034283158,1707133540,266884924,0,0
1707133540,428377391,base_link,False,4.475736350219268,0.0,0.0,7.479683329215557,2.926751849264585,2.51032450284258,0.0,0.3654595814449717,-0.5297870651847285,1707133540,316854466,0,0
1707133540,478372126,base_link,False,4.7371019027373285,0.0,0.0,7.587862131599136,2.5717026299528474,2.4891037690350286,0.0,0.3899574114856193,-0.36280768985822953,1707133540,366867922,0,0
1707133540,528359202,base_link,False,5.014611140792229,0.0,0.0,7.685789291556564,2.7829527693543743,2.4785935696922157,0.0,0.25128122618990567,-0.7575538087829241,1707133540,416862540,0,0
1707133540,578364976,base_link,False,5.287250065293909,0.0,0.0,7.792787302778844,2.6823789951142545,2.4650820494295904,0.0,0.24015990357863015,-0.6699286195343537,1707133540,466905837,0,0
1707133540,628358663,base_link,False,5.568800215006199,0.0,0.0,7.896852171431842,2.5251100065470338,2.4551387416358015,0.0,0.18932951811617152,-0.72669607960257,1707133540,516891158,0,0
1707133540,678345477,base_link,False,5.852662429504981,0.0,0.0,8.00431974348342,2.564232544885514,2.43840318661577,0.0,0.2684923380959076,-0.348449629174371,1707133540,566888449,0,0
1707133540,728362573,base_link,False,6.149232589734097,0.0,0.0,8.105075130026343,2.513219980198182,2.4380059277820396,0.0,0.07322435917546047,-0.9308809020714848,1707133540,616855457,0,0
1707133540,778363923,base_link,False,6.4352828629810634,0.0,0.0,8.221202230880381,2.2847987570642627,2.4453441501834763,0.0,-0.11224027489514321,-1.385835886136209,1707133540,666852856,0,0
1707133540,828358833,base_link,False,6.719472711782995,0.0,0.0,8.332208017457441,0.9221235788977646,2.4613599271170696,0.0,-0.30400717877667643,-1.786933102461125,1707133540,716853958,0,0
1707133540,878345633,base_link,False,6.999223679619741,0.0,0.0,8.401441138773777,0.6079099489229938,2.4791744774587308,0.0,-0.3987283382307687,-1.8045342194047238,1707133540,766871732,0,0
1707133540,928344610,base_link,False,7.278668525964761,0.0,0.0,8.405408804449976,-0.5884622527370376,2.4809044932003754,0.0,-0.19995046077931677,-0.8580648810748458,1707133540,816870495,0,0
1707133540,978369817,base_link,False,7.573134685584156,0.0,0.0,8.388184423731062,-0.603283245515075,2.4947205440778797,0.0,-0.28163723199137985,-0.985078156151554,1707133540,866873896,0,0
1707133541,28390497,base_link,False,7.854432871252359,0.0,0.0,8.38135819306816,-0.6214053037833336,2.4929604937342567,0.0,-0.08974981688215888,-0.19535758599908948,1707133540,916950828,0,0
1707133541,78394876,base_link,False,8.150154330531336,0.0,0.0,8.357554002288166,-0.668216933846033,2.4836247619990393,0.0,0.09916938730475007,0.4553283891596105,1707133540,966855058,0,0
1707133541,128390363,base_link,False,8.452241047092967,0.0,0.0,8.330976570692894,0.15298286041136194,2.482445747294162,0.0,0.06051632204990393,0.2541839735149326,1707133541,16856126,0,0
1707133541,178348383,base_link,False,8.745447145962451,0.0,0.0,8.332184353330195,0.4594173728715915,2.4728874703533577,0.0,0.16100187132574478,0.5416452381515466,1707133541,66867032,0,0
1707133541,228372735,base_link,False,9.047876100439302,0.0,0.0,8.366429782998207,1.512184881857745,2.44034582028663,0.0,0.5244381830656573,1.6431806730314962,1707133541,116872756,0,0
1707133541,278388749,base_link,False,9.375833325269694,0.0,0.0,8.405155076157984,2.781664270346253,2.421821847643513,0.0,0.46886200415640644,1.1921077118404524,1707133541,166890493,0,0
1707133541,328385368,base_link,False,9.693998152558336,0.0,0.0,8.489642451394033,2.70625721807952,2.3913763985743297,0.0,0.6063214526363568,1.4470741945189673,1707133541,216883035,0,0
1707133541,378385498,base_link,False,10.029846761602936,0.0,0.0,8.570076854210345,2.7856743447811656,2.3673815994728935,0.0,0.5638460649789793,1.0710171207716301,1707133541,266891948,0,0
1707133541,428389853,base_link,False,10.364848296991386,0.0,0.0,8.657582653352495,2.8358698619626788,2.364594047838042,0.0,0.2396735889825724,-0.165999751850741,1707133541,316883727,0,0
1707133541,478368048,base_link,False,10.684335652029342,0.0,0.0,8.767569355446117,2.4775211754611632,2.342270852193937,0.0,0.3803387912337617,0.3218505810299801,1707133541,366902761,0,0
1707133541,528407651,base_link,False,11.029122334856567,0.0,0.0,8.859307402378812,2.5021445570716243,2.3277324509662805,0.0,0.32749457199321264,0.0960876652959693,1707133541,416858154,0,0
1707133541,578376854,base_link,False,11.37172278292896,0.0,0.0,8.95701062236851,2.6103663668038353,2.321811227986693,0.0,0.18295807883757717,-0.3929930142294806,1707133541,466865074,0,0
1707133541,628378400,base_link,False,11.711308655552802,0.0,0.0,9.063105519542454,2.5369212945060755,2.3147979116731126,0.0,0.14009793851969343,-0.46900570613884723,1707133541,516895007,0,0
1707133541,678378047,base_link,False,12.057496084421661,0.0,0.0,9.166586744720576,2.4562141272642886,2.3176361231492866,0.0,-0.014095357111397047,-0.8971797055502233,1707133541,566891126,0,0
1707133541,728383334,base_link,False,12.399523676454672,0.0,0.0,9.281230061005832,2.3667266299299348,2.3188575007460988,0.0,-0.05041128013732085,-0.8692017882419594,1707133541,616876529,0,0
1707133541,778378763,base_link,False,12.748836599434561,0.0,0.0,9.394077565507702,2.14290444395145,2.3223528121583374,0.0,-0.09229295347056667,-0.864032588576587,1707133541,666888205,0,0
1707133541,828372706,base_link,False,13.101277695065905,0.0,0.0,9.504214571016682,2.0851298356120123,2.3374678206148567,0.0,-0.26854641287284386,-1.2997678070597076,1707133541,716888203,0,0
1707133541,878370752,base_link,False,13.447033122970394,0.0,0.0,9.578958154922212,-0.5744938541160465,2.3450609386423116,0.0,-0.22818573481551635,-0.9547571495593811,1707133541,766857061,0,0
1707133541,928370118,base_link,False,13.802540747683786,0.0,0.0,9.581188899233986,-0.614157162986044,2.363946954070383,0.0,-0.36466815696360766,-1.2453892459645344,1707133541,816957838,0,0
1707133541,978369132,base_link,False,14.145737234557249,0.0,0.0,9.582032252924016,-0.9386407649315126,2.3783824829910483,0.0,-0.3513094680414345,-0.9977124646525315,1707133541,866889150,0,0
1707133542,28384315,base_link,False,14.492061659911753,0.0,0.0,9.572530078159598,-0.9672398503642299,2.388242951249977,0.0,-0.27475571715674785,-0.5836325657374153,1707133541,916847534,0,0
1707133542,78370015,base_link,False,14.84133282852932,0.0,0.0,9.553393738882283,-0.7496712824061756,2.394919220918501,0.0,-0.1938970949741073,-0.22325862281728764,1707133541,966870404,0,0
1707133542,128373475,base_link,False,15.19248801119909,0.0,0.0,9.532771978051994,-0.7864317076855432,2.4012901838814993,0.0,-0.15417204219080463,-0.05660411834495163,1707133542,16850278,0,0
1707133542,178341312,base_link,False,15.542540050732399,0.0,0.0,9.511282244794932,-0.8010262551455424,2.3963104230050374,0.0,0.0232064930014505,0.5335666083229009,1707133542,66865976,0,0
1707133542,228367813,base_link,False,15.90250413190181,0.0,0.0,9.478017698598146,-0.5899369132240533,2.3912744149601446,0.0,0.09520459481322074,0.6819856153716477,1707133542,116855522,0,0
1707133542,278371943,base_link,False,16.261201803829913,0.0,0.0,9.45258103830361,-0.4562325302118808,2.3886243709255477,0.0,0.08745939891077668,0.5449479497626877,1707133542,166877635,0,0
1707133542,328374459,base_link,False,16.61765208635913,0.0,0.0,9.512782085220987,1.39672753375029,2.3776811731654437,0.0,0.19788315640507492,0.8173445745001995,1707133542,216850749,0,0
1707133542,378384243,base_link,False,16.985963829106844,0.0,0.0,9.58777377855374,2.260479402345495,2.379750749839765,0.0,0.05534544258618404,0.21670651693872856,1707133542,266856675,0,0
1707133542,428383287,base_link,False,17.346079882220064,0.0,0.0,9.692640969572519,2.1979567617965596,2.3739868158505084,0.0,0.10467944407794397,0.3427869237001814,1707133542,316883824,0,0
1707133542,478398356,base_link,False,17.71944632610547,0.0,0.0,9.79186316986947,2.2351839726155744,2.366210729844059,0.0,0.15167152962399644,0.44055250806230395,1707133542,366970911,0,0
1707133542,528385000,base_link,False,18.100230666827017,0.0,0.0,9.889211100783292,2.3815283256773916,2.3420707507872325,0.0,0.39976252156155556,1.1808938504367257,1707133542,416848618,0,0
1707133542,578395809,base_link,False,18.50265859125168,0.0,0.0,9.97287005617803,2.4337388186317743,2.342708558137413,0.0,0.1466396568729993,0.15856744747362916,1707133542,466953062,0,0
1707133542,628443073,base_link,False,18.885633016111463,0.0,0.0,10.080198323590077,2.277005022155179,2.350459029204541,0.0,-0.06125480845339529,-0.5482368960491686,1707133542,516876481,0,0
1707133542,678451524,base_link,False,19.26681976680531,0.0,0.0,10.190550030289584,1.79426981290966,2.3514321965346134,0.0,-0.04947462741929801,-0.4198858170441244,1707133542,566899671,0,0
1707133542,728389911,base_link,False,19.659842743435174,0.0,0.0,10.275443402176517,0.8702986858802978,2.3558807822157757,0.0,-0.09094855787107216,-0.48695517067236194,1707133542,616883743,0,0
1707133542,778369322,base_link,False,20.053296576586582,0.0,0.0,10.333587014680825,0.6896356615214242,2.3695305552221733,0.0,-0.23525995064713645,-0.8798274850711421,1707133542,666886837,0,0
1707133542,828353771,base_link,False,20.43975716568302,0.0,0.0,10.375909479962504,-0.5642125184334946,2.3822962504755236,0.0,-0.2778800812026178,-0.8753367601221212,1707133542,716883822,0,0
1707133542,878349987,base_link,False,20.827838615596104,0.0,0.0,10.371588380052499,-0.7637799501272717,2.4030079843003334,0.0,-0.40248599584433903,-1.140078949138409,1707133542,766859754,0,0
1707133542,928400330,base_link,False,21.206628375105186,0.0,0.0,10.368246853003589,-1.1713045350917353,2.425491152068756,0.0,-0.4726784243884388,-1.1832702805851798,1707133542,816885082,0,0
1707133542,978375572,base_link,False,21.582005505147983,0.0,0.0,10.361293717793881,-1.3671702518742084,2.440955132166584,0.0,-0.39555984229011854,-0.7369561716898796,1707133542,866874354,0,0
1707133543,28374599,base_link,False,21.962621091427245,0.0,0.0,10.343065801375243,-0.8678897410681115,2.448091283634739,0.0,-0.24084444153125273,-0.10960037437980652,1707133542,916896366,0,0
1707133543,78376308,base_link,False,22.349983018693028,0.0,0.0,10.317994177292789,-0.9494595640034454,2.45096285508839,0.0,-0.1148639574029296,0.32092336168234575,1707133542,966958234,0,0
1707133543,128408458,base_link,False,22.74002832990334,0.0,0.0,10.289589598673327,-0.8878948081010587,2.459554536284795,0.0,-0.1447154040207878,0.1706119591709299,1707133543,16894417,0,0
1707133543,178370004,base_link,False,23.122615298982648,0.0,0.0,10.264069789304585,-0.6416938717301753,2.4778606530269687,0.0,-0.2955536119980807,-0.35130947165572746,1707133543,66859090,0,0
1707133543,228388494,base_link,False,23.494137795834735,0.0,0.0,10.252478246729664,-0.970475958935103,2.4641370528566116,0.0,0.0956330060531625,0.987324367421345,1707133543,116895381,0,0
1707133543,278392332,base_link,False,23.89586367926564,0.0,0.0,10.205323207711242,-0.5223134607371542,2.4634428793886087,0.0,0.0698369250967611,0.7411732177101076,1707133543,166861390,0,0
1707133543,328382478,base_link,False,24.28293111421352,0.0,0.0,10.186735544603918,0.7319299800472018,2.468376752301325,0.0,-0.025193919896630113,0.3085895417474811,1707133543,216851859,0,0
1707133543,378384199,base_link,False,24.663826275826633,0.0,0.0,10.219428418685784,0.7953198301950424,2.4526783002790014,0.0,0.22430293616814856,1.0751434518954621,1707133543,266860473,0,0
1707133543,428376520,base_link,False,25.066635068149807,0.0,0.0,10.210887031150332,1.44303866110205,2.441402299856345,0.0,0.25993805249461754,1.015795014906593,1707133543,316890858,0,0
1707133543,478378183,base_link,False,25.466384136527008,0.0,0.0,10.26141003403573,2.4761718882968893,2.441633195084605,0.0,0.10596571095496748,0.34521382082108587,1707133543,366858921,0,0
1707133543,528364399,base_link,False,25.858701764474638,0.0,0.0,10.360016365268855,2.352557086712354,2.4349485350651308,0.0,0.1367127269418429,0.38938056958338735,1707133543,416868421,0,0
1707133543,578364243,base_link,False,26.263202610217533,0.0,0.0,10.454298766889462,2.0858842388422074,2.416049040258571,0.0,0.3196962315926804,0.924878773659449,1707133543,466817311,0,0
1707133543,628355713,base_link,False,26.684915821069122,0.0,0.0,10.533571516968196,2.5555025741271673,2.4205123013399237,0.0,0.060804624007141095,-0.07441829686419432,1707133543,516887783,0,0
1707133543,678381139,base_link,False,27.088355878259623,0.0,0.0,10.642160083843029,2.136635721185051,2.4188401051898194,0.0,0.039075541413143136,-0.13339375711104945,1707133543,566891566,0,0
1707133543,728363492,base_link,False,27.503246287763627,0.0,0.0,10.737344349847172,1.2277733773379749,2.4289796321190757,0.0,-0.13604393002594334,-0.6850547396608824,1707133543,616871505,0,0
1707133543,778397147,base_link,False,27.910404899318785,0.0,0.0,10.798107659274693,-0.11423317825008557,2.437618319897448,0.0,-0.18414054822118894,-0.7303924595994717,1707133543,666853855,0,0
1707133543,828366148,base_link,False,28.321320167813177,0.0,0.0,10.813324013165769,-0.6702055100574195,2.447590894730945,0.0,-0.21857769617902692,-0.7235725029785294,1707133543,716855298,0,0
1707133543,878353023,base_link,False,28.730336203639553,0.0,0.0,10.800251809178231,-0.7831265322381954,2.4587718754992536,0.0,-0.2455423054672653,-0.693397260631505,1707133543,766890515,0,0
1707133543,928353412,base_link,False,29.136595742575548,0.0,0.0,10.783087120477587,-1.0414836800036749,2.4735157178987683,0.0,-0.30281016294906943,-0.7674040747506032,1707133543,816897855,0,0
1707133543,978352932,base_link,False,29.537634116655152,0.0,0.0,10.766555054880609,-1.2183644938352358,2.4916753420357067,0.0,-0.37027367353121643,-0.8626825719863455,1707133543,866978344,0,0
1707133544,28391107,base_link,False,29.933433237949842,0.0,0.0,10.74957546345436,-1.0742582896168558,2.4780598732136836,0.0,0.05561229292705766,0.6733246639432756,1707133543,916847385,0,0
1707133544,78386579,base_link,False,30.359322763489605,0.0,0.0,10.70147453398231,-0.5694255399231807,2.474913683169025,0.0,0.08255440504084668,0.6513036487497532,1707133543,966875141,0,0
1707133544,128391319,base_link,False,30.772772806697578,0.0,0.0,10.68643090049583,0.7664683182288181,2.4774958834929537,0.0,0.00885051864582298,0.3032800557260955,1707133544,16886169,0,0
1707133544,178482403,base_link,False,31.180843788271414,0.0,0.0,10.700392022596365,-0.11035418537124156,2.477264344876584,0.0,0.015680175454326727,0.275985669273269,1707133544,66852927,0,0
1707133544,228394392,base_link,False,31.59212814427322,0.0,0.0,10.688677749178114,-0.46983460407030236,2.47185427240626,0.0,0.08994510549401766,0.4740063333016131,1707133544,116983410,0,0
1707133544,278356445,base_link,False,32.00771513278337,0.0,0.0,10.679408485653274,0.5045013823726773,2.465618933031564,0.0,0.12982544649015376,0.5269947547187526,1707133544,166983812,0,0
1707133544,328373410,base_link,False,32.4243719236102,0.0,0.0,10.700790284194296,1.4088174246725262,2.466759558605632,0.0,0.03907884390347094,0.14351262264861764,1707133544,216868609,0,0
1707133544,378352379,base_link,False,32.83569095486083,0.0,0.0,10.75909440235021,0.8668296955212228,2.457462065186792,0.0,0.14744049129594886,0.47488958237406415,1707133544,266884012,0,0
1707133544,428385892,base_link,False,33.260440742939366,0.0,0.0,10.800185666144394,1.4166211969759768,2.4680145104710025,0.0,-0.09036290293929791,-0.38166097963190143,1707133544,316892676,0,0
1707133544,478364376,base_link,False,33.668376711528985,0.0,0.0,10.85926666922449,0.23909633555453844,2.469920621160929,0.0,-0.06581560527533627,-0.23877471770006717,1707133544,366885576,0,0
1707133544,528356902,base_link,False,34.08692757896485,0.0,0.0,10.866120535855105,-0.65108582546452,2.4743372742895846,0.0,-0.0894405341996187,-0.27704616333311394,1707133544,416845265,0,0
1707133544,578351831,base_link,False,34.50255182644698,0.0,0.0,10.84789934596948,-0.8824804653225786,2.485846196180779,0.0,-0.19779015274974043,-0.5865180901320461,1707133544,466859377,0,0
1707133544,628355701,base_link,False,34.90939881714109,0.0,0.0,10.829252448455415,-1.0208961060740414,2.49371197499102,0.0,-0.1881781598706661,-0.4589992636115313,1707133544,516887988,0,0
1707133544,678405670,base_link,False,35.318167717325515,0.0,0.0,10.804313010484943,-0.8949320861385597,2.5073698599157854,0.0,-0.2630367406764023,-0.6289962703912914,1707133544,566890546,0,0
1707133544,728369244,base_link,False,35.719350823952496,0.0,0.0,10.783415617547924,-1.0332012078961432,2.51216505644574,0.0,-0.16535318225181722,-0.20609372144645466,1707133544,616876267,0,0
1707133544,778382414,base_link,False,36.127603131231844,0.0,0.0,10.752849247899354,-0.9682360556854948,2.517561263451616,0.0,-0.13146315000554096,-0.061359182686651664,1707133544,666886300,0,0
1707133544,828370281,base_link,False,36.533658455947936,0.0,0.0,10.72480189089865,-0.8435711868366955,2.519870214536892,0.0,-0.07322051635429205,0.13942861969146167,1707133544,716855326,0,0
1707133544,878387764,base_link,False,36.941030965360106,0.0,0.0,10.692333591966674,-0.6551042145418029,2.5174463880070705,0.0,0.017231273552369045,0.4128208191164865,1707133544,766863950,0,0
1707133544,928396647,base_link,False,37.35145675850095,0.0,0.0,10.655870748907429,-0.6436828677031715,2.5289627292531285,0.0,-0.144240511756428,-0.18358565012808714,1707133544,816887323,0,0
1707133544,978386535,base_link,False,37.74615815739407,0.0,0.0,10.632692095099907,-0.6794095229610551,2.5214671657151686,0.0,0.05755017768006099,0.5073259054383386,1707133544,866845833,0,0
1707133545,28392785,base_link,False,38.15810021053921,0.0,0.0,10.590381254978082,-0.5335959415017586,2.5237357221423196,0.0,0.0012770803313207763,0.23996273886264868,1707133544,916891085,0,0
1707133545,78374719,base_link,False,38.558592042074984,0.0,0.0,10.561246338790523,-0.5507229914632539,2.5150936716615577,0.0,0.13019644500261915,0.622871389721597,1707133544,966874474,0,0
1707133545,128353489,base_link,False,38.96860260222809,0.0,0.0,10.539039667469254,0.0036498830792392745,2.503602774020141,0.0,0.22069558525909394,0.8172566349526449,1707133545,16882147,0,0
1707133545,178391259,base_link,False,39.38076575770927,0.0,0.0,10.556704448399026,2.093526073984121,2.4950922353486646,0.0,0.21147766697169135,0.6532457636803797,1707133545,66881954,0,0
1707133545,228386431,base_link,False,39.79262689862254,0.0,0.0,10.632144935540756,2.171371893354416,2.4826554715778193,0.0,0.25891813871580316,0.7016432569251232,1707133545,116887019,0,0
1707133545,278362251,base_link,False,40.21325700810143,0.0,0.0,10.71464373500129,2.286727794583147,2.482318287590814,0.0,0.1035282897712326,0.07786105348486871,1707133545,166882267,0,0
1707133545,328388065,base_link,False,40.62690575013184,0.0,0.0,10.813712426805786,2.227783193856017,2.4882725659821077,0.0,-0.051162282484792945,-0.4414889657566995,1707133545,216881393,0,0
1707133545,378394409,base_link,False,41.039667932792,0.0,0.0,10.904977979436126,0.19044768967346104,2.494365774524353,0.0,-0.11537167267949003,-0.5794778842197079,1707133545,266884929,0,0
1707133545,428386009,base_link,False,41.45597310074217,0.0,0.0,10.921457695124534,-0.8414786120103714,2.51239850724399,0.0,-0.3073327828294655,-1.1132493487783253,1707133545,316866422,0,0
1707133545,478372375,base_link,False,41.85966848333602,0.0,0.0,10.918643503356176,-0.9091830281035256,2.5208351941442566,0.0,-0.2454628680770164,-0.7283392108026474,1707133545,366893733,0,0
1707133545,528385297,base_link,False,42.27133968438487,0.0,0.0,10.898198467732842,-0.9224519029077507,2.5330255205881413,0.0,-0.26785137433305267,-0.682397027266495,1707133545,416953257,0,0
1707133545,578364121,base_link,False,42.67766075451132,0.0,0.0,10.878973705977915,-0.8149931771522372,2.5517234147957915,0.0,-0.36485555931260527,-0.88833871820679,1707133545,466890916,0,0
1707133545,628390335,base_link,False,43.07566406231011,0.0,0.0,10.86372344420488,-1.1437387075340113,2.557730306993375,0.0,-0.22077031599854569,-0.2710075754086837,1707133545,516886706,0,0
1707133545,678440878,base_link,False,43.484568747955194,0.0,0.0,10.834300885275663,-0.8841331345930519,2.566457606909908,0.0,-0.19689265959755076,-0.14843343955447413,1707133545,566887066,0,0
1707133545,728361135,base_link,False,43.88891674890162,0.0,0.0,10.80737352729728,-0.8499264617359733,2.577773641068331,0.0,-0.22247570429080502,-0.20791063509349336,1707133545,616878108,0,0
1707133545,778464722,base_link,False,44.28882346551054,0.0,0.0,10.782593924675169,-0.8660354614453591,2.5666492285254443,0.0,0.08503113067847676,0.833196858493088,1707133545,666972834,0,0
1707133545,828388477,base_link,False,44.70968422133674,0.0,0.0,10.739253460413233,-0.6528685553406351,2.5677936388415445,0.0,0.035768773719040456,0.5354331626509001,1707133545,716951374,0,0
1707133545,878493404,base_link,False,45.116386416865645,0.0,0.0,10.704510863110874,-0.5420268892598292,2.5653070885488867,0.0,0.06294748534124381,0.5367662336901033,1707133545,766883713,0,0
1707133545,928364838,base_link,False,45.52506135812689,0.0,0.0,10.668342310610335,-0.766388985521026,2.572307775230394,0.0,-0.06302113891076834,0.03633445737164065,1707133545,816867690,0,0
1707133545,978363863,base_link,False,45.922548459347425,0.0,0.0,10.641699775746266,-0.8116533201059993,2.566948370526238,0.0,0.05835516719952241,0.42788353366749665,1707133545,866859261,0,0
1707133546,28386985,base_link,False,46.33065072376297,0.0,0.0,10.601822760795834,-0.5485671825418157,2.560282622955858,0.0,0.12513139694025846,0.5765065086999192,1707133545,916914165,0,0
1707133546,78385423,base_link,False,46.73832666098984,0.0,0.0,10.568587777388167,0.2998089881783523,2.544955656001042,0.0,0.2718881058884237,0.9627233474415011,1707133545,966885159,0,0
1707133546,128388825,base_link,False,47.15393546329218,0.0,0.0,10.57257203530991,2.1339095504248333,2.544265350850826,0.0,0.12077103580705933,0.3101832585710972,1707133546,16849857,0,0
1707133546,178353951,base_link,False,47.55663945663457,0.0,0.0,10.64478403971653,1.6188758515619583,2.5320843981622807,0.0,0.21755871298650592,0.5763645743197301,1707133546,66854762,0,0
1707133546,228386633,base_link,False,47.974881551234546,0.0,0.0,10.706218336240822,1.6745254740087179,2.5272647397391257,0.0,0.15063467195114266,0.26281549471293586,1707133546,116881760,0,0
1707133546,278404233,base_link,False,48.389712273843394,0.0,0.0,10.784903257570754,2.0882757988822265,2.542116955541628,0.0,-0.1570136048203033,-0.787745684891514,1707133546,166855225,0,0
1707133546,328365626,base_link,False,48.78960652757518,0.0,0.0,10.852342182145687,-0.6267716661059834,2.5346535514949906,0.0,0.03380155460143319,-0.033849161211182976,1707133546,216884976,0,0
1707133546,378362669,base_link,False,49.213301343936116,0.0,0.0,10.830257505717828,-0.7221551767009728,2.5355205255749436,0.0,-0.0034088906324908907,-0.15016802660488227,1707133546,266856909,0,0
1707133546,428361581,base_link,False,49.62736949033456,0.0,0.0,10.81237010347541,-0.31495929727165384,2.5483518838378796,0.0,-0.1870878009613863,-0.72711383219154,1707133546,316858378,0,0
1707133546,478386170,base_link,False,50.02817888164727,0.0,0.0,10.810396650824261,-0.8067997328209258,2.5552120925239095,0.0,-0.17537875860246877,-0.5697052692181892,1707133546,366860624,0,0
1707133546,528380001,base_link,False,50.43406622534648,0.0,0.0,10.786763233765715,-0.6642770694709148,2.557663442063042,0.0,-0.10457683197687613,-0.24454682928128063,1707133546,416876566,0,0
1707133546,578387179,base_link,False,50.84287956366359,0.0,0.0,10.759373333065074,-0.9045715710638343,2.5594273921239483,0.0,-0.06354887943794865,-0.07013955376761641,1707133546,466876025,0,0
1707133546,628385937,base_link,False,51.250424614556046,0.0,0.0,10.725504159757932,-0.8241502618723692,2.5656414868843918,0.0,-0.10870695788082785,-0.2065439270930013,1707133546,516873065,0,0
1707133546,678382232,base_link,False,51.65186233961866,0.0,0.0,10.697477753371329,-0.7320894580900169,2.566017397778743,0.0,-0.0439285678826906,0.039421491686023186,1707133546,566892152,0,0
1707133546,728630429,base_link,False,52.057390611416565,0.0,0.0,10.663605876266715,-0.6349607525053469,2.5607993945287513,0.0,0.062067350500479464,0.38009540838012845,1707133546,616946219,0,0
1707133546,778383445,base_link,False,52.466908408174035,0.0,0.0,10.62566619931965,-0.8617517387761334,2.5578737485173244,0.0,0.07185145121445341,0.34989837516919997,1707133546,666852840,0,0
1707133546,828402871,base_link,False,52.872163071257944,0.0,0.0,10.589715141864957,-0.05516991364056392,2.5565564557761054,0.0,0.051033083823744385,0.2244251057346791,1707133546,716862176,0,0
1707133546,878361971,base_link,False,53.27467328614489,0.0,0.0,10.571046983114503,-0.45330439193472294,2.5435651360192417,0.0,0.20574111952545746,0.6943340399149723,1707133546,766865478,0,0
1707133546,928396273,base_link,False,53.68780219787734,0.0,0.0,10.548024059810585,0.984819230374216,2.5403651502415,0.0,0.12810222510481845,0.32637750476572996,1707133546,816857997,0,0
1707133546,978388673,base_link,False,54.09104049416746,0.0,0.0,10.585906473873408,1.6681766177621609,2.532974077078281,0.0,0.1525845842179292,0.3531123300626826,1707133546,866900840,0,0
1707133547,28396742,base_link,False,54.501472293330856,0.0,0.0,10.637167415613934,1.4782918899985786,2.5221573602244955,0.0,0.2090258534318432,0.4801325661715341,1707133546,916889212,0,0
1707133547,78409367,base_link,False,54.918356075265365,0.0,0.0,10.696536697878738,2.2244386049701266,2.5168835816284574,0.0,0.1514290049681823,0.21288702142833776,1707133546,966972686,0,0
1707133547,128362830,base_link,False,55.333915238963954,0.0,0.0,10.787857301475826,2.261996239557652,2.514376129629985,0.0,0.08679136027925295,-0.03365612553195638,1707133547,16849385,0,0
1707133547,178385804,base_link,False,55.75174101420232,0.0,0.0,10.870632052961373,1.3837022746003422,2.526033642352596,0.0,-0.14023871065683177,-0.7716522855289328,1707133547,66885450,0,0
1707133547,228403956,base_link,False,56.15957063410168,0.0,0.0,10.93204950159695,-0.6852128682496386,2.5305460126025436,0.0,-0.1298942270660747,-0.6114195425206965,1707133547,116968568,0,0
1707133547,278389625,base_link,False,56.57546345657578,0.0,0.0,10.912869568589796,-0.9203415013229418,2.5479690037309686,0.0,-0.30402078452147485,-1.0815537914954776,1707133547,166969949,0,0
1707133547,328373110,base_link,False,56.97698982602623,0.0,0.0,10.901872155454644,-0.9715644616197793,2.554599016045253,0.0,-0.21794726928508495,-0.6225686286363716,1707133547,216945328,0,0
1707133547,378389083,base_link,False,57.387508181460085,0.0,0.0,10.875293284456031,-0.9845156499604983,2.5585155875819217,0.0,-0.13948818090822643,-0.26367734622119127,1707133547,266983567,0,0
1707133547,428393756,base_link,False,57.79904681378166,0.0,0.0,10.845681119057136,-1.0010422326664072,2.566384559018675,0.0,-0.1606515776853499,-0.2898097339980579,1707133547,316854258,0,0
1707133547,478406806,base_link,False,58.204782716567195,0.0,0.0,10.817782238012011,-0.7198602045307001,2.572107629137109,0.0,-0.13740619021475708,-0.16622744745894097,1707133547,366885849,0,0
1707133547,528369116,base_link,False,58.61099194724507,0.0,0.0,10.789294462969282,-0.9246743513940855,2.5793117250779503,0.0,-0.14749720623740653,-0.17205565301372305,1707133547,416869847,0,0
1707133547,578640842,base_link,False,59.01392942426788,0.0,0.0,10.761601039840519,-0.9210088707955,2.5839745317972733,0.0,-0.11475754076705097,-0.03666209496762793,1707133547,466872894,0,0
1707133547,628412551,base_link,False,59.417735992006314,0.0,0.0,10.732215654502085,-0.9115298289266396,2.5788551734620984,0.0,0.03740332455708388,0.4676571331709235,1707133547,516888285,0,0
1707133547,678430231,base_link,False,59.82951146792878,0.0,0.0,10.691594083926727,-0.5106797595250152,2.5833498971379005,0.0,-0.03736744215724171,0.14621104307337812,1707133547,566892365,0,0
1707133547,728388405,base_link,False,60.230014833362645,0.0,0.0,10.662376888547064,-0.7621433919977484,2.58295567304506,0.0,-0.0006815073146765431,0.24241331850638698,1707133547,616861217,0,0
1707133547,778395213,base_link,False,60.633639102103245,0.0,0.0,10.626912588804618,-0.574405794791952,2.580310682211581,0.0,0.04499828816169991,0.3523170654142754,1707133547,666861712,0,0
1707133547,828389715,base_link,False,61.03780998433895,0.0,0.0,10.591133585584219,-0.7878763329760683,2.5779411449683183,0.0,0.05808356279876177,0.33747974471614417,1707133547,716853733,0,0
1707133547,878384414,base_link,False,61.44000490240052,0.0,0.0,10.554657267145306,-0.46185371129423786,2.5595896176663167,0.0,0.28717647595246515,1.032481535142788,1707133547,766885836,0,0
1707133547,928389022,base_link,False,61.85652236521601,0.0,0.0,10.522059688956855,1.3520390958807278,2.5434239090151065,0.0,0.3460924906581733,1.0563621099219478,1707133547,816849828,0,0
1707133547,978394321,base_link,False,62.270741247638654,0.0,0.0,10.560921294588024,2.3078103834522086,2.5474975006625216,0.0,0.07831645402267778,0.006439244569430791,1707133547,866847526,0,0
1707133548,28387384,base_link,False,62.66848304273973,0.0,0.0,10.651282038490603,1.7183892696447813,2.5291415152517307,0.0,0.2824764092712004,0.6739940797150863,1707133547,916844761,0,0
1707133548,78391155,base_link,False,63.09334623441902,0.0,0.0,10.717327929809048,2.260496332150165,2.522213821307778,0.0,0.20263931419822628,0.3021691904700309,1707133547,966983223,0,0
1707133548,128390287,base_link,False,63.511193258350026,0.0,0.0,10.803083540654383,2.286157385553598,2.5229517395729766,0.0,0.05888765520451447,-0.21808632547564444,1707133548,16884874,0,0
1707133548,178386314,base_link,False,63.926484084499975,0.0,0.0,10.892875725181282,1.3678784698060544,2.519447850819939,0.0,0.05973604760093766,-0.1795970459129177,1707133548,66887631,0,0
1707133548,228353391,base_link,False,64.35024749394763,0.0,0.0,10.946383200916165,0.5855007695693768,2.5404336259363824,0.0,-0.28465976134080917,-1.2780602927625122,1707133548,116975654,0,0
1707133548,278396197,base_link,False,64.7519746217987,0.0,0.0,10.982818252518562,-0.926816703086798,2.542006506953214,0.0,-0.14718843549670732,-0.6185737433146129,1707133548,166887379,0,0
1707133548,328451726,base_link,False,65.17295406346258,0.0,0.0,10.964183177435805,-0.8000825660543701,2.564447025626499,0.0,-0.3802004457492528,-1.2803821600391387,1707133548,216951390,0,0
1707133548,378394706,base_link,False,65.57142286716243,0.0,0.0,10.958047630135825,-1.1556165724215743,2.5692230923954766,0.0,-0.220575313879678,-0.5479632843095782,1707133548,266889148,0,0
1707133548,428389437,base_link,False,65.985808256353,0.0,0.0,10.929547617079795,-0.9344527012047741,2.588079197981968,0.0,-0.3488519508629808,-0.8783330611138755,1707133548,316878242,0,0
1707133548,478353106,base_link,False,66.3842770838021,0.0,0.0,10.913200424940449,-0.9638814495225803,2.602656225590254,0.0,-0.3367886480903741,-0.6950027131706134,1707133548,366956074,0,0
1707133548,528448377,base_link,False,66.78520774841647,0.0,0.0,10.892364958057144,-1.053950487506623,2.5962408953754776,0.0,-0.03082021638396637,0.42082620418922256,1707133548,416875675,0,0
1707133548,578388424,base_link,False,67.20545815185979,0.0,0.0,10.8517497340464,-0.835469787152593,2.6120727798274905,0.0,-0.2190516803035192,-0.2645271500327543,1707133548,466865243,0,0
1707133548,628354911,base_link,False,67.60171562077947,0.0,0.0,10.83284624562681,-0.9004912293985872,2.619680779761461,0.0,-0.18036920596212327,-0.09452944170479188,1707133548,516975647,0,0
1707133548,678391132,base_link,False,68.0044669248886,0.0,0.0,10.805767596592002,-0.80148906587553,2.6182271658000333,0.0,-0.03552004995991334,0.3953200327251455,1707133548,566874047,0,0
1707133548,728388115,base_link,False,68.41464869385662,0.0,0.0,10.77098071593138,-0.7303633031196417,2.6155555969909074,0.0,0.040083750337785606,0.5781848261234418,1707133548,616884823,0,0
1707133548,778395000,base_link,False,68.82413178060116,0.0,0.0,10.732290894471687,-0.5807179322180571,2.6226896034506546,0.0,-0.07028190678131091,0.12206950394666544,1707133548,666888342,0,0
1707133548,828369693,base_link,False,69.22201438798844,0.0,0.0,10.703914503209429,-0.754992876233646,2.61436654925657,0.0,0.10085337579079857,0.662536859092874,1707133548,716948894,0,0
1707133548,878361406,base_link,False,69.63385172701773,0.0,0.0,10.663499485288598,-0.5835133979975008,2.6126565670410566,0.0,0.07521260559290259,0.47007713297062814,1707133548,766886236,0,0
1707133548,928361692,base_link,False,70.03734192873829,0.0,0.0,10.628216269239527,-0.5581272594322569,2.599614687467617,0.0,0.22150490453552651,0.8722004915211696,1707133548,816907844,0,0
1707133548,978369655,base_link,False,70.4503841815919,0.0,0.0,10.589752808715119,0.3323835620178065,2.588731469636367,0.0,0.24700413936140092,0.8128889515726159,1707133548,866849181,0,0
1707133549,28357246,base_link,False,70.86070186153614,0.0,0.0,10.603219904706044,1.9414124822010956,2.5907982334362463,0.0,0.06967299945887329,0.0990345066240308,1707133548,916878421,0,0
1707133549,78353039,base_link,False,71.26075178511553,0.0,0.0,10.677847598032558,0.7517980903812822,2.5823246166970155,0.0,0.143354163237097,0.32411849745611376,1707133548,966885709,0,0
1707133549,128352823,base_link,False,71.6740938030775,0.0,0.0,10.689232913382087,0.4221152168247693,2.573302617639225,0.0,0.18002766214361982,0.3911483372199183,1707133549,16890866,0,0
1707133549,178353807,base_link,False,72.088850975484,0.0,0.0,10.711394480732375,1.467155476686554,2.5689370218715317,0.0,0.12720391381725388,0.1541052027266013,1707133549,66848607,0,0
1707133549,228353044,base_link,False,72.50101967340447,0.0,0.0,10.763221690919478,1.2567862945896158,2.568488879747566,0.0,0.04868710124905483,-0.1282659130669437,1707133549,116948220,0,0
1707133549,278372744,base_link,False,72.91215472043643,0.0,0.0,10.799564259373053,0.220221244184648,2.5724405546128173,0.0,-0.04565743728338235,-0.41623443882911326,1707133549,166874945,0,0
1707133549,328399151,base_link,False,73.3204859007773,0.0,0.0,10.804058188598233,-0.7070557098876628,2.567367784771137,0.0,0.04476989916852463,-0.05193448577652143,1707133549,216886736,0,0
1707133549,378347298,base_link,False,73.7372091852306,0.0,0.0,10.774933836660416,-0.6055536058614029,2.584988232044754,0.0,-0.23739600314513704,-0.9675035305022384,1707133549,266855900,0,0
1707133549,428364893,base_link,False,74.1295448178226,0.0,0.0,10.761981469529323,-0.6718377907054385,2.5901542190302713,0.0,-0.17400589472602898,-0.6014802231661678,1707133549,316857713,0,0
1707133549,478351073,base_link,False,74.5327181286206,0.0,0.0,10.735561647254277,-0.8362511609241488,2.578777677116524,0.0,0.09010276497420888,0.36194696446498076,1707133549,366874995,0,0
1707133549,528344955,base_link,False,74.95077097296166,0.0,0.0,10.691375951053816,-0.635569033401476,2.568934535701717,0.0,0.17720349672606156,0.5879281058285453,1707133549,416901941,0,0
1707133549,578346460,base_link,False,75.36547059678453,0.0,0.0,10.67269861459253,0.9190636815856943,2.573314106786503,0.0,0.00922300273795823,-0.05846710984229764,1707133549,466975650,0,0
1707133549,628325758,base_link,False,75.76636436950186,0.0,0.0,10.690462275081073,-0.025500267424904875,2.571186362238956,0.0,0.030870721258836737,0.022001398599511945,1707133549,516987364,0,0
1707133549,678388378,base_link,False,76.17432236920877,0.0,0.0,10.672391221614498,-0.4950675591939545,2.569746140834305,0.0,0.030123150960731506,0.015950509118159706,1707133549,566978720,0,0
1707133549,728386592,base_link,False,76.58068892677224,0.0,0.0,10.644745888571165,-0.649983923952812,2.5658947612727374,0.0,0.06376279574038504,0.12350609885966733,1707133549,616884625,0,0
1707133549,778372514,base_link,False,76.98780819117081,0.0,0.0,10.612889858745705,-0.5166618503885032,2.5597504330443606,0.0,0.10951057692788241,0.25310312571576155,1707133549,666893110,0,0
1707133549,828363773,base_link,False,77.39569341602002,0.0,0.0,10.590006948037622,0.18827014446692486,2.5575214279977514,0.0,0.07184358674778407,0.0883016984131198,1707133549,716866531,0,0
1707133549,878318591,base_link,False,77.7990538077406,0.0,0.0,10.59263176470779,0.36698674495402056,2.544359088869388,0.0,0.20986786846930788,0.5258622533562465,1707133549,766863832,0,0
1707133549,928312385,base_link,False,78.21392660661698,0.0,0.0,10.59879189811,1.438051357915293,2.533376950541081,0.0,0.23377992987645954,0.5180644809280842,1707133549,816884058,0,0
1707133549,978353325,base_link,False,78.62807865636171,0.0,0.0,10.647743504622913,2.1205373438906174,2.524822199726572,0.0,0.2062689488073406,0.34313678289672755,1707133549,866981809,0,0
1707133550,28356809,base_link,False,79.04383720895572,0.0,0.0,10.735222204563822,2.338844189806551,2.5274161411617833,0.0,0.03506483818718378,-0.27373184353190994,1707133549,916940500,0,0
1707133550,78354834,base_link,False,79.45360044508027,0.0,0.0,10.821271643982685,1.1610313327262407,2.526198813480199,0.0,0.018641744999472982,-0.2826936884475008,1707133549,966980177,0,0
1707133550,128353337,base_link,False,79.87126470071787,0.0,0.0,10.862172046081316,0.07907804759644789,2.532744694564394,0.0,-0.0961202244700732,-0.6122408434482443,1707133550,16954401,0,0
1707133550,178349801,base_link,False,80.2824502937526,0.0,0.0,10.867478733947593,-0.8648043802922439,2.5448810942261835,0.0,-0.21945702397454572,-0.9159077858942266,1707133550,66965197,0,0
1707133550,228354890,base_link,False,80.68714517851521,0.0,0.0,10.855236147234006,-0.8010767942310826,2.550890300191117,0.0,-0.17897603557008418,-0.6333588251307134,1707133550,116945116,0,0
1707133550,278362771,base_link,False,81.096282268056,0.0,0.0,10.830306119051553,-0.6880593888138717,2.558408185485219,0.0,-0.17925194410407544,-0.5305521652018955,1707133550,166886738,0,0
1707133550,328346583,base_link,False,81.50222150671695,0.0,0.0,10.805085333972439,-0.8113094969652688,2.560032660504371,0.0,-0.09276967046242933,-0.16045289192595746,1707133550,216977324,0,0
1707133550,378480287,base_link,False,81.91220735251291,0.0,0.0,10.77179360897088,-0.737387947089888,2.5697063066416357,0.0,-0.16907576065067728,-0.38407628808462985,1707133550,266855779,0,0
1707133550,428372818,base_link,False,82.31252020190746,0.0,0.0,10.748048122630387,-0.8493856651602861,2.5638514030116,0.0,0.020596043457078467,0.29997640992246094,1707133550,316887409,0,0
1707133550,478377819,base_link,False,82.72663550556327,0.0,0.0,10.70781204196563,-0.544996134703206,2.570127657895835,0.0,-0.07289134129982622,-0.05530814616193319,1707133550,366861547,0,0
1707133550,528444775,base_link,False,83.12691751091464,0.0,0.0,10.680315083641563,-0.7389674578970061,2.569754777851414,0.0,-0.017938194506304787,0.13371598666673493,1707133550,416869122,0,0
1707133550,578359071,base_link,False,83.53208686690789,0.0,0.0,10.64596054924841,-0.922282316835489,2.5689867392946253,0.0,0.00990245613162324,0.2029966102930583,1707133550,466871870,0,0
1707133550,628371985,base_link,False,83.93593245546727,0.0,0.0,10.610717129910292,-0.6388733280660676,2.5721155768463815,0.0,-0.03471611749885947,0.023634007381734295,1707133550,516852256,0,0
1707133550,678383621,base_link,False,84.33425038725586,0.0,0.0,10.580778683523896,-0.8367875878125487,2.5658444082485468,0.0,0.07913817954559596,0.3926286956862839,1707133550,566962273,0,0
1707133550,728379073,base_link,False,84.74032736075516,0.0,0.0,10.541275698882927,-0.4854951383726026,2.5520303946552634,0.0,0.2310587343459193,0.8258660936583291,1707133550,616876555,0,0
1707133550,778405050,base_link,False,85.15195600264748,0.0,0.0,10.524199140145107,1.4342243040534333,2.539077800679055,0.0,0.2775401022311274,0.8428566292519089,1707133550,666884255,0,0
1707133550,828397921,base_link,False,85.56343799971133,0.0,0.0,10.571117216859617,2.228806231283952,2.523203781594055,0.0,0.3330080481123722,0.886495425078178,1707133550,716971565,0,0
1707133550,878392203,base_link,False,85.98198254253379,0.0,0.0,10.646059148024086,2.4872036793565626,2.515141667209897,0.0,0.2403815555734589,0.4379898399824023,1707133550,766993062,0,0
1707133550,928383976,base_link,False,86.39769347509058,0.0,0.0,10.734764621931973,2.4440500120292254,2.514734244252699,0.0,0.09054631859854928,-0.12442910356442288,1707133550,816890249,0,0
1707133550,978399480,base_link,False,86.81099373368193,0.0,0.0,10.834096908293665,2.057299423524791,2.5222421093811564,0.0,-0.08346226653221,-0.6739199429096248,1707133550,866963871,0,0
1707133551,28360089,base_link,False,87.22141186765384,0.0,0.0,10.913830280347993,-0.43049665834701045,2.5206510991026754,0.0,-0.023848265555077616,-0.36833637876976644,1707133550,916887550,0,0
1707133551,78354648,base_link,False,87.6428727758174,0.0,0.0,10.89814152445954,-0.8313365098316088,2.53861313005804,0.0,-0.2726148520727014,-1.122715377718229,1707133550,966859426,0,0
1707133551,128357149,base_link,False,88.04355904620421,0.0,0.0,10.887257331825227,-0.9434698876127949,2.545134394730609,0.0,-0.20851551083161968,-0.7289539992314946,1707133551,16891959,0,0
1707133551,178423230,base_link,False,88.45405312533364,0.0,0.0,10.862344329517015,-0.9212701893921061,2.5551509462350936,0.0,-0.22631375561773584,-0.6678783685761982,1707133551,66977117,0,0
1707133551,228360628,base_link,False,88.85923080013866,0.0,0.0,10.83810727901041,-0.9843834798839948,2.5561667195868365,0.0,-0.10244120062983869,-0.15284192625162396,1707133551,116953555,0,0
1707133551,278360607,base_link,False,89.2715779720604,0.0,0.0,10.802876628218094,-0.6141072591784962,2.5556655177057332,0.0,-0.027962396963495048,0.11609814245309247,1707133551,166993094,0,0
1707133551,328357959,base_link,False,89.68377757468369,0.0,0.0,10.768492669521304,-0.7706693553150313,2.5731568735215857,0.0,-0.25150673941409557,-0.6350042316494318,1707133551,216890516,0,0
1707133551,378360013,base_link,False,90.07630668923645,0.0,0.0,10.752245812527505,-0.9246467994488299,2.5712945807574092,0.0,-0.06813011450235662,0.06952075774826427,1707133551,266859015,0,0
1707133551,428374860,base_link,False,90.4863818671348,0.0,0.0,10.715355834707037,-0.770539086283115,2.576036784570916,0.0,-0.0847467490561992,0.0037186938619761245,1707133551,316894282,0,0
1707133551,478350557,base_link,False,90.88810346900664,0.0,0.0,10.685278483208837,-0.7903001281953438,2.5715789774733575,0.0,0.03818304303545059,0.405696040071284,1707133551,366883237,0,0
1707133551,528365367,base_link,False,91.29725385075122,0.0,0.0,10.645922093970727,-0.6284421062070334,2.566306087808092,0.0,0.098814476483894,0.5378283697897162,1707133551,416888879,0,0
1707133551,578362062,base_link,False,91.70558233113357,0.0,0.0,10.612096131001675,-0.30284007734524604,2.570758767060901,0.0,-0.01646106680376802,0.07224174716746973,1707133551,466851114,0,0
1707133551,628371521,base_link,False,92.1028697221425,0.0,0.0,10.592201487242715,-0.6208205137900922,2.559957835614684,0.0,0.1500518104309541,0.605730172557853,1707133551,516851613,0,0
1707133551,678399946,base_link,False,92.51403099276162,0.0,0.0,10.550577961382666,-0.1098381293464295,2.551625203065521,0.0,0.1813676605004526,0.6091011920924311,1707133551,566849518,0,0
1707133551,728395048,base_link,False,92.92142740184241,0.0,0.0,10.54099055129605,1.4655786425704134,2.5423351194448176,0.0,0.2042003819056556,0.5841385801438491,1707133551,616950844,0,0
1707133551,778350393,base_link,False,93.33106675683611,0.0,0.0,10.597946530043611,2.0050883970491493,2.53180424150584,0.0,0.2276261880616333,0.5652058166549551,1707133551,666876295,0,0
1707133551,828368711,base_link,False,93.74542370894754,0.0,0.0,10.669435644166418,2.298620934836823,2.52276854123832,0.0,0.21277863636640576,0.424030718304096,1707133551,716879563,0,0
1707133551,878349120,base_link,False,94.16310251189056,0.0,0.0,10.76116850186417,2.096683141497833,2.5124667774249145,0.0,0.22173181996687655,0.38391824128680185,1707133551,766858833,0,0
1707133551,928337113,base_link,False,94.58709958592438,0.0,0.0,10.851701142917847,2.3335699148046656,2.5203496008849884,0.0,-0.03377276380504607,-0.5157062178019792,1707133551,816889583,0,0
1707133551,978374799,base_link,False,94.99829200016232,0.0,0.0,10.963981901176773,1.9653150097108871,2.5303137795564097,0.0,-0.16733639113610121,-0.8686724887019357,1707133551,866862625,0,0
1707133552,28372885,base_link,False,95.4117974463162,0.0,0.0,11.00601841676625,-0.6051048263175668,2.5423743251346336,0.0,-0.24760357584223044,-0.9892997618135676,1707133551,916872772,0,0
1707133552,78374629,base_link,False,95.82408188011334,0.0,0.0,11.000063063649893,-0.9198048155440282,2.562030958519386,0.0,-0.38237462737981626,-1.268671012862058,1707133551,966873404,0,0
1707133552,128443860,base_link,False,96.22728036891974,0.0,0.0,10.992971383700082,-0.9886412648906693,2.581811603166682,0.0,-0.4327587299903272,-1.2259350047162074,1707133552,16944779,0,0
1707133552,178374218,base_link,False,96.62862907420222,0.0,0.0,10.980753647738567,-1.1324965694943079,2.5872876800969657,0.0,-0.24414294016334903,-0.4074893263090611,1707133552,66891186,0,0
1707133552,228371024,base_link,False,97.04235344618596,0.0,0.0,10.950331937497584,-0.9189016579995657,2.5920418053830083,0.0,-0.15205735476669113,-0.03919070754388654,1707133552,116871542,0,0
1707133552,278405962,base_link,False,97.45516760829993,0.0,0.0,10.92110298762662,-0.8243282614532155,2.600339194008984,0.0,-0.1631343384289368,-0.06904969799360994,1707133552,166887355,0,0
